output	target
<CLS>CC(C)(CO)C1=NC=C(N1)C2=CC(=C(C(=C2)F)OCC3=CC=C(C=C3)C4=CC=CC=C4)C(F)(F)F<SEP><SEP><SEP><SEP><SEP><SEP><SEP><SEP><SEP><SEP><SEP><SEP><SEP><SEP><SEP><SEP><SEP><SEP><SEP><SEP><SEP><SEP><SEP><SEP><SEP><SEP><SEP>	<CLS>CC(C)(CO)C1=NC=C(N1)C2=CC(=C(C(=C2)F)OCC3=CC=C(C=C3)C4=CC=CC=C4)C(F)(F)F<SEP><PAD><PAD><PAD><PAD><PAD><PAD><PAD><PAD><PAD><PAD><PAD><PAD><PAD><PAD><PAD><PAD><PAD><PAD><PAD><PAD><PAD><PAD><PAD><PAD><PAD><PAD>
<CLS>CC1=CC=C(C=C1)N2C=CC3=C2C=C(C(=C3)C#N)C#N<SEP>CCCCCCCCCCCCCCCCCC<SEP><SEP>C<SEP>CC<SEP><SEP>CC<SEP><SEP><SEP><SEP><SEP><SEP><SEP><SEP><SEP><SEP><SEP><SEP><SEP><SEP><SEP><SEP><SEP><SEP><SEP><SEP><SEP><SEP><SEP><SEP><SEP><SEP><SEP><SEP><SEP>	<CLS>CC1=CC=C(C=C1)N2C=NC3=C2C=C(C(=C3)C#N)C#N<SEP><PAD><PAD><PAD><PAD><PAD><PAD><PAD><PAD><PAD><PAD><PAD><PAD><PAD><PAD><PAD><PAD><PAD><PAD><PAD><PAD><PAD><PAD><PAD><PAD><PAD><PAD><PAD><PAD><PAD><PAD><PAD><PAD><PAD><PAD><PAD><PAD><PAD><PAD><PAD><PAD><PAD><PAD><PAD><PAD><PAD><PAD><PAD><PAD><PAD><PAD><PAD><PAD><PAD><PAD><PAD><PAD><PAD>
<CLS>COC1=CC=C(C=C1)C2C3C(=C(NC4=C(O2)C=CCC=C4)S(=O)(=O)N5CCN(CC5)CCC6=CC=CC=C6)C7=CC=CC=C7<SEP><SEP><SEP><SEP><SEP><SEP><SEP><SEP><SEP><SEP><SEP><SEP><SEP>	<CLS>CSC1=CC=C(C=C1)C2C3CC=CC3C4=C(N2)C=CC(=C4)S(=O)(=O)N5CCN(CC5)C(C6=CC=CC=C6)C7=CC=CC=C7<SEP><PAD><PAD><PAD><PAD><PAD><PAD><PAD><PAD><PAD><PAD><PAD><PAD>
<CLS>CCC1CCC(C12C(=O)NC(=NC2=O)[O-])C.[Na+]<SEP>CCCCCCCCCCCCCCCCCCCC<SEP>C<SEP><SEP><SEP><SEP>C<SEP><SEP><SEP><SEP><SEP><SEP><SEP><SEP><SEP><SEP><SEP><SEP><SEP><SEP><SEP><SEP><SEP><SEP><SEP><SEP><SEP><SEP><SEP><SEP><SEP><SEP><SEP><SEP><SEP><SEP><SEP><SEP><SEP>	<CLS>CCC1CCC(C12C(=O)NC(=NC2=O)[O-])C.[Na+]<SEP><PAD><PAD><PAD><PAD><PAD><PAD><PAD><PAD><PAD><PAD><PAD><PAD><PAD><PAD><PAD><PAD><PAD><PAD><PAD><PAD><PAD><PAD><PAD><PAD><PAD><PAD><PAD><PAD><PAD><PAD><PAD><PAD><PAD><PAD><PAD><PAD><PAD><PAD><PAD><PAD><PAD><PAD><PAD><PAD><PAD><PAD><PAD><PAD><PAD><PAD><PAD><PAD><PAD><PAD><PAD><PAD><PAD><PAD><PAD><PAD>
<CLS>CCOC(=O)C1=C(SC2=C1C=C(C(=C2C)C)NC(=O)C3=CC=C(C=C3)SC<SEP><SEP><SEP><SEP><SEP><SEP><SEP>C<SEP><SEP><SEP><SEP><SEP><SEP><SEP><SEP><SEP><SEP><SEP><SEP><SEP><SEP><SEP><SEP><SEP><SEP><SEP><SEP><SEP><SEP><SEP><SEP><SEP><SEP><SEP><SEP><SEP><SEP><SEP><SEP><SEP><SEP><SEP><SEP><SEP><SEP>	<CLS>CCOC(=O)C1=C(SC2=C1CCN(C2)C(C)C)NC(=O)C3=CC=C(C=C3)SC<SEP><PAD><PAD><PAD><PAD><PAD><PAD><PAD><PAD><PAD><PAD><PAD><PAD><PAD><PAD><PAD><PAD><PAD><PAD><PAD><PAD><PAD><PAD><PAD><PAD><PAD><PAD><PAD><PAD><PAD><PAD><PAD><PAD><PAD><PAD><PAD><PAD><PAD><PAD><PAD><PAD><PAD><PAD><PAD><PAD><PAD>
<CLS>CC(C(=O)NC1=NC=NC2=C1NC=N2)OC(=O)C3=CC=CC=C3<SEP>CCCCCCCCCCCCC<SEP><SEP><SEP><SEP><SEP><SEP><SEP><SEP><SEP><SEP><SEP><SEP><SEP><SEP><SEP><SEP><SEP><SEP><SEP><SEP><SEP><SEP><SEP><SEP><SEP><SEP><SEP><SEP><SEP><SEP><SEP><SEP><SEP><SEP><SEP><SEP><SEP><SEP><SEP><SEP><SEP>	<CLS>CC(C(=O)NC1=NC=NC2=C1NC=N2)OC(=O)C3=CC=CC=C3<SEP><PAD><PAD><PAD><PAD><PAD><PAD><PAD><PAD><PAD><PAD><PAD><PAD><PAD><PAD><PAD><PAD><PAD><PAD><PAD><PAD><PAD><PAD><PAD><PAD><PAD><PAD><PAD><PAD><PAD><PAD><PAD><PAD><PAD><PAD><PAD><PAD><PAD><PAD><PAD><PAD><PAD><PAD><PAD><PAD><PAD><PAD><PAD><PAD><PAD><PAD><PAD><PAD><PAD><PAD>
<CLS>CC1=CC(=C(N1C2=CC=CS2)C)C(=O)COC(=O)C3=CC=CC=C3N2<SEP><SEP><SEP><SEP><SEP><SEP><SEP><SEP><SEP><SEP><SEP><SEP><SEP><SEP><SEP><SEP><SEP><SEP><SEP><SEP><SEP><SEP><SEP><SEP><SEP><SEP><SEP><SEP><SEP><SEP><SEP><SEP><SEP><SEP><SEP><SEP><SEP><SEP><SEP><SEP><SEP><SEP><SEP><SEP><SEP><SEP><SEP><SEP><SEP><SEP>	<CLS>CC1=CC(=C(N1C2=NC=CS2)C)C(=O)COC(=O)C3=CC=CC=C3NC<SEP><PAD><PAD><PAD><PAD><PAD><PAD><PAD><PAD><PAD><PAD><PAD><PAD><PAD><PAD><PAD><PAD><PAD><PAD><PAD><PAD><PAD><PAD><PAD><PAD><PAD><PAD><PAD><PAD><PAD><PAD><PAD><PAD><PAD><PAD><PAD><PAD><PAD><PAD><PAD><PAD><PAD><PAD><PAD><PAD><PAD><PAD><PAD><PAD><PAD>
<CLS>C1CC2=CC=CC=C2N(C1)C(=O)COC(=O)C3=CC=CC=C3SCC(=O)NC4=CC=C(C=C4)F#N<SEP><SEP><SEP><SEP><SEP><SEP><SEP><SEP><SEP><SEP><SEP><SEP><SEP><SEP><SEP><SEP><SEP><SEP><SEP><SEP><SEP><SEP><SEP><SEP><SEP><SEP><SEP><SEP><SEP><SEP><SEP><SEP><SEP>	<CLS>C1CC2=CC=CC=C2N(C1)C(=O)COC(=O)C3=CC=CC=C3SCC(=O)NC4=CC=CC(=C4)C#N<SEP><PAD><PAD><PAD><PAD><PAD><PAD><PAD><PAD><PAD><PAD><PAD><PAD><PAD><PAD><PAD><PAD><PAD><PAD><PAD><PAD><PAD><PAD><PAD><PAD><PAD><PAD><PAD><PAD><PAD><PAD><PAD><PAD>
<CLS>CCC(C)C(C(=O)NC(CC(=O)O)C(=O)NC(CC1=CC=C(C=C1)O)C(=O)O)NC(=O)C(CCCCN)NC(=))C(CCCC(CO)CCCC(=O)N)NC(<SEP>	<CLS>CCC(C)C(C(=O)NC(CC(=O)N)C(=O)NC(CC1=CC=C(C=C1)O)C(=O)O)NC(=O)C(CCCCN)NC(=O)C(C)NC(=O)C(CC(=O)N)NC(<SEP>
<CLS>CC(C)COC(=O)C1=CC=CC=C1NC(=O)C(C(C(F)(F)F)(F)F)(F)F<SEP><SEP><SEP><SEP><SEP><SEP><SEP><SEP><SEP><SEP><SEP><SEP><SEP><SEP><SEP><SEP><SEP><SEP><SEP><SEP><SEP><SEP><SEP><SEP><SEP><SEP><SEP><SEP><SEP><SEP><SEP><SEP><SEP><SEP><SEP><SEP><SEP><SEP><SEP><SEP><SEP><SEP><SEP><SEP><SEP><SEP><SEP><SEP>	<CLS>CC(C)COC(=O)C1=CC=CC=C1NC(=O)C(C(C(F)(F)F)(F)F)(F)F<SEP><PAD><PAD><PAD><PAD><PAD><PAD><PAD><PAD><PAD><PAD><PAD><PAD><PAD><PAD><PAD><PAD><PAD><PAD><PAD><PAD><PAD><PAD><PAD><PAD><PAD><PAD><PAD><PAD><PAD><PAD><PAD><PAD><PAD><PAD><PAD><PAD><PAD><PAD><PAD><PAD><PAD><PAD><PAD><PAD><PAD><PAD><PAD>
<CLS>C1C(C=CC=C1F)Br<SEP>CCCCCCCCCCCCCCCCCCCCCCCCCCCCCCCCCCCCCCCC<SEP><SEP>C<SEP><SEP><SEP><SEP><SEP><SEP><SEP><SEP><SEP><SEP><SEP><SEP><SEP><SEP><SEP><SEP><SEP><SEP><SEP><SEP><SEP><SEP><SEP><SEP><SEP><SEP><SEP><SEP><SEP><SEP><SEP><SEP><SEP><SEP><SEP><SEP><SEP><SEP><SEP><SEP>	<CLS>C1C(C=CC=C1F)Br<SEP><PAD><PAD><PAD><PAD><PAD><PAD><PAD><PAD><PAD><PAD><PAD><PAD><PAD><PAD><PAD><PAD><PAD><PAD><PAD><PAD><PAD><PAD><PAD><PAD><PAD><PAD><PAD><PAD><PAD><PAD><PAD><PAD><PAD><PAD><PAD><PAD><PAD><PAD><PAD><PAD><PAD><PAD><PAD><PAD><PAD><PAD><PAD><PAD><PAD><PAD><PAD><PAD><PAD><PAD><PAD><PAD><PAD><PAD><PAD><PAD><PAD><PAD><PAD><PAD><PAD><PAD><PAD><PAD><PAD><PAD><PAD><PAD><PAD><PAD><PAD><PAD><PAD><PAD><PAD><PAD><PAD><PAD><PAD>
<CLS>CC1=C(N=C(O1)C(=O)OCC2=CC=C(C=C2)[N+](=O)[O-])C3=CC=CC=C3<SEP><SEP><SEP><SEP><SEP><SEP><SEP><SEP><SEP><SEP><SEP><SEP><SEP><SEP><SEP><SEP><SEP><SEP><SEP><SEP><SEP><SEP><SEP><SEP><SEP><SEP><SEP><SEP><SEP><SEP><SEP><SEP><SEP><SEP><SEP><SEP><SEP><SEP><SEP><SEP><SEP><SEP>	<CLS>CC1=NC(=C(S1)C(=O)OCC2=CC=C(C=C2)[N+](=O)[O-])C3=CC=CC=C3<SEP><PAD><PAD><PAD><PAD><PAD><PAD><PAD><PAD><PAD><PAD><PAD><PAD><PAD><PAD><PAD><PAD><PAD><PAD><PAD><PAD><PAD><PAD><PAD><PAD><PAD><PAD><PAD><PAD><PAD><PAD><PAD><PAD><PAD><PAD><PAD><PAD><PAD><PAD><PAD><PAD><PAD>
<CLS>CN1C(=O)C(=C(C=N1)OC2=CC=CC=C2)C=NC3=CC=CC(=C3)C(=O)O<SEP><SEP><SEP><SEP><SEP><SEP><SEP><SEP><SEP><SEP><SEP><SEP><SEP><SEP><SEP><SEP><SEP><SEP><SEP><SEP><SEP><SEP><SEP><SEP><SEP><SEP><SEP><SEP><SEP><SEP><SEP><SEP><SEP><SEP><SEP><SEP><SEP><SEP><SEP><SEP><SEP><SEP><SEP><SEP><SEP><SEP>	<CLS>CN1C(=O)C(=C(C=N1)OC2=CC=CC=C2OC)NC3=CC=CC(=C3)C(=O)O<SEP><PAD><PAD><PAD><PAD><PAD><PAD><PAD><PAD><PAD><PAD><PAD><PAD><PAD><PAD><PAD><PAD><PAD><PAD><PAD><PAD><PAD><PAD><PAD><PAD><PAD><PAD><PAD><PAD><PAD><PAD><PAD><PAD><PAD><PAD><PAD><PAD><PAD><PAD><PAD><PAD><PAD><PAD><PAD><PAD><PAD>
<CLS>CC(C)CCOC1=CC=C(C=C1)C(=O)CNC(=O)CCC2=CC=C(C=C2)S(=O)(=O)N<SEP><SEP><SEP><SEP><SEP><SEP><SEP><SEP><SEP><SEP><SEP><SEP><SEP><SEP><SEP><SEP><SEP><SEP><SEP><SEP><SEP><SEP><SEP><SEP><SEP><SEP><SEP><SEP><SEP><SEP><SEP><SEP><SEP><SEP><SEP><SEP><SEP><SEP><SEP><SEP><SEP>	<CLS>CC(C)CCOC1=CC=C(C=C1)C(=O)NNC(=O)CCC2=CC=C(C=C2)S(=O)(=O)N<SEP><PAD><PAD><PAD><PAD><PAD><PAD><PAD><PAD><PAD><PAD><PAD><PAD><PAD><PAD><PAD><PAD><PAD><PAD><PAD><PAD><PAD><PAD><PAD><PAD><PAD><PAD><PAD><PAD><PAD><PAD><PAD><PAD><PAD><PAD><PAD><PAD><PAD><PAD><PAD><PAD>
<CLS>CC(C)C(C(=O)NC1=CC=C(C=C1)N2CCCC2=O)NC(=O)C3=CC=CC=C3F<SEP><SEP><SEP><SEP><SEP><SEP><SEP><SEP><SEP><SEP><SEP><SEP><SEP><SEP><SEP><SEP><SEP><SEP><SEP><SEP><SEP><SEP><SEP><SEP><SEP><SEP><SEP><SEP><SEP><SEP><SEP><SEP><SEP><SEP><SEP><SEP><SEP><SEP><SEP><SEP><SEP><SEP><SEP><SEP><SEP>	<CLS>CC(C)C(C(=O)NC1=CC=C(C=C1)N2CCCC2=O)NC(=O)C3=CC=CC=C3F<SEP><PAD><PAD><PAD><PAD><PAD><PAD><PAD><PAD><PAD><PAD><PAD><PAD><PAD><PAD><PAD><PAD><PAD><PAD><PAD><PAD><PAD><PAD><PAD><PAD><PAD><PAD><PAD><PAD><PAD><PAD><PAD><PAD><PAD><PAD><PAD><PAD><PAD><PAD><PAD><PAD><PAD><PAD><PAD><PAD>
<CLS>CC(C(=O)NC1=C(C=CS1)C#N)OC(=O)C2=C(C=CC(=C2)OC)Br<SEP><SEP><SEP><SEP><SEP><SEP><SEP><SEP><SEP><SEP><SEP><SEP><SEP><SEP><SEP><SEP><SEP><SEP><SEP><SEP><SEP><SEP><SEP><SEP><SEP><SEP><SEP><SEP><SEP><SEP><SEP><SEP><SEP><SEP><SEP><SEP><SEP><SEP><SEP><SEP><SEP><SEP><SEP><SEP><SEP><SEP><SEP><SEP><SEP><SEP>	<CLS>CC(C(=O)NC1=C(C=CS1)C#N)OC(=O)C2=C(C=CC(=C2)OC)Br<SEP><PAD><PAD><PAD><PAD><PAD><PAD><PAD><PAD><PAD><PAD><PAD><PAD><PAD><PAD><PAD><PAD><PAD><PAD><PAD><PAD><PAD><PAD><PAD><PAD><PAD><PAD><PAD><PAD><PAD><PAD><PAD><PAD><PAD><PAD><PAD><PAD><PAD><PAD><PAD><PAD><PAD><PAD><PAD><PAD><PAD><PAD><PAD><PAD><PAD>
<CLS>CCN1C2=NC(=NC(=C2N=C1N3C=NC=N3)N)N<SEP>CCCCCCCCCCCCCCCCCCCCCCC<SEP><SEP><SEP><SEP><SEP><SEP><SEP><SEP><SEP><SEP><SEP><SEP><SEP><SEP><SEP><SEP><SEP><SEP><SEP><SEP><SEP><SEP><SEP><SEP><SEP><SEP><SEP><SEP><SEP><SEP><SEP><SEP><SEP><SEP><SEP><SEP><SEP><SEP><SEP><SEP><SEP>	<CLS>CCN1C2=NC(=NC(=C2N=C1N3C=CC=N3)N)N<SEP><PAD><PAD><PAD><PAD><PAD><PAD><PAD><PAD><PAD><PAD><PAD><PAD><PAD><PAD><PAD><PAD><PAD><PAD><PAD><PAD><PAD><PAD><PAD><PAD><PAD><PAD><PAD><PAD><PAD><PAD><PAD><PAD><PAD><PAD><PAD><PAD><PAD><PAD><PAD><PAD><PAD><PAD><PAD><PAD><PAD><PAD><PAD><PAD><PAD><PAD><PAD><PAD><PAD><PAD><PAD><PAD><PAD><PAD><PAD><PAD><PAD><PAD><PAD><PAD>
<CLS>CC1(C(=O)N(C(=O)N1)CC(=O)NCCOC2=CC=C(C=C2)Cl)C3=CC=CC4=CC=CC=C43<SEP><SEP><SEP><SEP><SEP><SEP><SEP><SEP><SEP><SEP><SEP><SEP><SEP><SEP><SEP><SEP><SEP><SEP><SEP><SEP><SEP><SEP><SEP><SEP><SEP><SEP><SEP><SEP><SEP><SEP><SEP><SEP><SEP><SEP><SEP>	<CLS>CC1(C(=O)N(C(=O)N1)CC(=O)NCCSC2=CC=C(C=C2)Cl)C3=CC=CC4=CC=CC=C43<SEP><PAD><PAD><PAD><PAD><PAD><PAD><PAD><PAD><PAD><PAD><PAD><PAD><PAD><PAD><PAD><PAD><PAD><PAD><PAD><PAD><PAD><PAD><PAD><PAD><PAD><PAD><PAD><PAD><PAD><PAD><PAD><PAD><PAD><PAD>
<CLS>COC1=CC=CC=C1N2C=C(C=N2)CN3CCOC4=C(C3)C=C(C=C4)CN5CCN(CC5)CCO<SEP><SEP><SEP><SEP><SEP><SEP><SEP><SEP><SEP><SEP><SEP><SEP><SEP><SEP><SEP><SEP><SEP><SEP><SEP><SEP><SEP><SEP><SEP><SEP><SEP><SEP><SEP><SEP><SEP><SEP><SEP><SEP><SEP><SEP><SEP><SEP><SEP><SEP>	<CLS>COC1=CC=CC=C1N2C=C(C=N2)CN3CCOC4=C(C3)C=C(C=C4)CN5CCN(CC5)CCO<SEP><PAD><PAD><PAD><PAD><PAD><PAD><PAD><PAD><PAD><PAD><PAD><PAD><PAD><PAD><PAD><PAD><PAD><PAD><PAD><PAD><PAD><PAD><PAD><PAD><PAD><PAD><PAD><PAD><PAD><PAD><PAD><PAD><PAD><PAD><PAD><PAD><PAD>
<CLS>C1COCCN1CCC(=O)NC=CC2=CC=CC=C2Cl<SEP>CCCCCCCCCCCCCCCCCC<SEP><SEP><SEP><SEP><SEP><SEP><SEP><SEP><SEP><SEP><SEP><SEP><SEP><SEP><SEP><SEP><SEP><SEP><SEP><SEP><SEP><SEP><SEP><SEP><SEP><SEP><SEP><SEP><SEP><SEP><SEP><SEP><SEP><SEP><SEP><SEP><SEP><SEP><SEP><SEP><SEP><SEP><SEP><SEP><SEP><SEP><SEP><SEP>	<CLS>C1COCCN1CCC(=O)NN=CC2=CC=CC=C2Cl<SEP><PAD><PAD><PAD><PAD><PAD><PAD><PAD><PAD><PAD><PAD><PAD><PAD><PAD><PAD><PAD><PAD><PAD><PAD><PAD><PAD><PAD><PAD><PAD><PAD><PAD><PAD><PAD><PAD><PAD><PAD><PAD><PAD><PAD><PAD><PAD><PAD><PAD><PAD><PAD><PAD><PAD><PAD><PAD><PAD><PAD><PAD><PAD><PAD><PAD><PAD><PAD><PAD><PAD><PAD><PAD><PAD><PAD><PAD><PAD><PAD><PAD><PAD><PAD><PAD><PAD><PAD>
<CLS>C1CN(CCN1CC(=O)NC2=CC(=CC=C2)F)C(=O)C3=C(C=C(C=C3)F)F<SEP><SEP>C<SEP>CCC<SEP><SEP><SEP><SEP><SEP><SEP><SEP><SEP><SEP><SEP><SEP><SEP><SEP><SEP><SEP><SEP><SEP><SEP><SEP><SEP><SEP><SEP><SEP><SEP><SEP><SEP><SEP><SEP><SEP><SEP><SEP><SEP><SEP><SEP><SEP><SEP><SEP><SEP><SEP>	<CLS>C1CN(CCN1CC(=O)NC2=CC(=CC=C2)F)C(=O)C3=C(C=C(C=C3)F)F<SEP><PAD><PAD><PAD><PAD><PAD><PAD><PAD><PAD><PAD><PAD><PAD><PAD><PAD><PAD><PAD><PAD><PAD><PAD><PAD><PAD><PAD><PAD><PAD><PAD><PAD><PAD><PAD><PAD><PAD><PAD><PAD><PAD><PAD><PAD><PAD><PAD><PAD><PAD><PAD><PAD><PAD><PAD><PAD><PAD><PAD>
<CLS>CCCC(C(=C)OC(=O)C1=C(C(=C(C(=C1I)NC(=O)C)C)OC(=O)C)I)O.CNCC(C(C(C(CCCOCCCCCO<SEP><SEP><SEP><SEP><SEP><SEP><SEP><SEP><SEP><SEP><SEP><SEP><SEP><SEP><SEP><SEP><SEP><SEP><SEP><SEP><SEP><SEP><SEP>	<CLS>CCCC(C(=O)OC(=O)C1=C(C(=C(C(=C1I)NC(=O)C)I)NC(=O)C)I)O.CNCC(C(C(C(CO)O)O)O)O<SEP><PAD><PAD><PAD><PAD><PAD><PAD><PAD><PAD><PAD><PAD><PAD><PAD><PAD><PAD><PAD><PAD><PAD><PAD><PAD><PAD><PAD><PAD>
<CLS>COC1=CC(=CC(=C1OC)OC)C=CC(=O)OCC(=O)NCCCC2=CC=CC=C2<SEP><SEP><SEP><SEP><SEP><SEP><SEP><SEP><SEP><SEP><SEP><SEP><SEP><SEP><SEP><SEP><SEP><SEP><SEP><SEP><SEP><SEP><SEP><SEP><SEP><SEP><SEP><SEP><SEP><SEP><SEP><SEP><SEP><SEP><SEP><SEP><SEP><SEP><SEP><SEP><SEP><SEP><SEP><SEP><SEP><SEP><SEP><SEP>	<CLS>COC1=CC(=CC(=C1OC)OC)C=CC(=O)OCC(=O)NCCCC2=CC=CC=C2<SEP><PAD><PAD><PAD><PAD><PAD><PAD><PAD><PAD><PAD><PAD><PAD><PAD><PAD><PAD><PAD><PAD><PAD><PAD><PAD><PAD><PAD><PAD><PAD><PAD><PAD><PAD><PAD><PAD><PAD><PAD><PAD><PAD><PAD><PAD><PAD><PAD><PAD><PAD><PAD><PAD><PAD><PAD><PAD><PAD><PAD><PAD><PAD>
<CLS>CC1=C(C=C(N1C2=C(C=C(C=C2)F)F)C3=CC=C(C=C3)Cl)CN4CCN(CC4)C(C5=CC=CC=C5)C6=CC=CC=C6<SEP><SEP><SEP><SEP><SEP><SEP><SEP><SEP><SEP><SEP><SEP><SEP><SEP><SEP><SEP><SEP><SEP>	<CLS>CC1=C(C=C(N1C2=C(C=C(C=C2)F)F)C3=CC=C(C=C3)Cl)CN4CCN(CC4)C(C5=CC=CC=C5)C6=CC=CC=C6<SEP><PAD><PAD><PAD><PAD><PAD><PAD><PAD><PAD><PAD><PAD><PAD><PAD><PAD><PAD><PAD><PAD>
<CLS>C1CCC(=O)NC(C1)CC(=O)CCCN<SEP>CCCCCCCCCCCCCCCCCCCCCCCCCCCCCCCCCCCCCCCCC<SEP><SEP><SEP><SEP><SEP><SEP><SEP><SEP><SEP><SEP><SEP><SEP><SEP><SEP><SEP><SEP><SEP><SEP><SEP><SEP><SEP><SEP><SEP><SEP><SEP><SEP><SEP><SEP><SEP><SEP><SEP><SEP>	<CLS>C1CCC(=O)NC(C1)CCC2OCCCO2<SEP><PAD><PAD><PAD><PAD><PAD><PAD><PAD><PAD><PAD><PAD><PAD><PAD><PAD><PAD><PAD><PAD><PAD><PAD><PAD><PAD><PAD><PAD><PAD><PAD><PAD><PAD><PAD><PAD><PAD><PAD><PAD><PAD><PAD><PAD><PAD><PAD><PAD><PAD><PAD><PAD><PAD><PAD><PAD><PAD><PAD><PAD><PAD><PAD><PAD><PAD><PAD><PAD><PAD><PAD><PAD><PAD><PAD><PAD><PAD><PAD><PAD><PAD><PAD><PAD><PAD><PAD><PAD><PAD><PAD><PAD><PAD><PAD><PAD>
<CLS>CCCN1C2=CC=CC=C2C3=C1C(=O)N(N=C3)CC(=O)NCC4=CN=CC=C4<SEP><SEP><SEP><SEP><SEP><SEP><SEP><SEP><SEP><SEP><SEP><SEP><SEP><SEP><SEP><SEP><SEP><SEP><SEP><SEP><SEP><SEP><SEP><SEP><SEP><SEP><SEP><SEP><SEP><SEP><SEP><SEP><SEP><SEP><SEP><SEP><SEP><SEP><SEP><SEP><SEP><SEP><SEP><SEP><SEP><SEP><SEP>	<CLS>CCCN1C2=CC=CC=C2C3=C1C(=O)N(N=C3)CC(=O)NCC4=CN=CC=C4<SEP><PAD><PAD><PAD><PAD><PAD><PAD><PAD><PAD><PAD><PAD><PAD><PAD><PAD><PAD><PAD><PAD><PAD><PAD><PAD><PAD><PAD><PAD><PAD><PAD><PAD><PAD><PAD><PAD><PAD><PAD><PAD><PAD><PAD><PAD><PAD><PAD><PAD><PAD><PAD><PAD><PAD><PAD><PAD><PAD><PAD><PAD>
<CLS>CC1CCN(CC1)C(=O)C2CCCN(C2)C3=NS(=O)(=O)C4=CC=CC=C43<SEP><SEP>CC<SEP><SEP><SEP><SEP><SEP><SEP><SEP><SEP><SEP><SEP><SEP><SEP><SEP><SEP><SEP><SEP><SEP><SEP><SEP><SEP><SEP><SEP><SEP><SEP><SEP><SEP><SEP><SEP><SEP><SEP><SEP><SEP><SEP><SEP><SEP><SEP><SEP><SEP><SEP><SEP><SEP><SEP><SEP><SEP>	<CLS>CC1CCN(CC1)C(=O)C2CCCN(C2)C3=NS(=O)(=O)C4=CC=CC=C43<SEP><PAD><PAD><PAD><PAD><PAD><PAD><PAD><PAD><PAD><PAD><PAD><PAD><PAD><PAD><PAD><PAD><PAD><PAD><PAD><PAD><PAD><PAD><PAD><PAD><PAD><PAD><PAD><PAD><PAD><PAD><PAD><PAD><PAD><PAD><PAD><PAD><PAD><PAD><PAD><PAD><PAD><PAD><PAD><PAD><PAD><PAD><PAD>
<CLS>CC1=CC(=CC(=C1C2=C3N=C(C=C(N3N=C2C)C))C)C)C(C)C<SEP><SEP>CC<SEP>CCCCCCC<SEP><SEP><SEP><SEP><SEP><SEP><SEP><SEP><SEP><SEP><SEP><SEP><SEP><SEP><SEP><SEP><SEP><SEP><SEP><SEP><SEP><SEP><SEP><SEP><SEP><SEP><SEP><SEP><SEP><SEP><SEP><SEP><SEP><SEP><SEP><SEP><SEP><SEP><SEP><SEP>	<CLS>CC1=CC(=NC(=C1C2=C3N=C(C=C(N3N=C2C)Cl)C)C)N(C)C<SEP><PAD><PAD><PAD><PAD><PAD><PAD><PAD><PAD><PAD><PAD><PAD><PAD><PAD><PAD><PAD><PAD><PAD><PAD><PAD><PAD><PAD><PAD><PAD><PAD><PAD><PAD><PAD><PAD><PAD><PAD><PAD><PAD><PAD><PAD><PAD><PAD><PAD><PAD><PAD><PAD><PAD><PAD><PAD><PAD><PAD><PAD><PAD><PAD><PAD><PAD><PAD>
<CLS>CC1=C(C=C(C=C1)N2C(=NNC2=O)COC)C<SEP>CCCCCCCCCCCCCCCCCCCCCCCCCC<SEP><SEP><SEP><SEP><SEP><SEP><SEP><SEP><SEP><SEP><SEP><SEP><SEP><SEP><SEP><SEP><SEP><SEP><SEP><SEP><SEP><SEP><SEP><SEP><SEP><SEP><SEP><SEP><SEP><SEP><SEP><SEP><SEP><SEP><SEP><SEP><SEP><SEP><SEP><SEP>	<CLS>CC1=C(C=C(C=C1)N2C(=NNC2=S)COC)C<SEP><PAD><PAD><PAD><PAD><PAD><PAD><PAD><PAD><PAD><PAD><PAD><PAD><PAD><PAD><PAD><PAD><PAD><PAD><PAD><PAD><PAD><PAD><PAD><PAD><PAD><PAD><PAD><PAD><PAD><PAD><PAD><PAD><PAD><PAD><PAD><PAD><PAD><PAD><PAD><PAD><PAD><PAD><PAD><PAD><PAD><PAD><PAD><PAD><PAD><PAD><PAD><PAD><PAD><PAD><PAD><PAD><PAD><PAD><PAD><PAD><PAD><PAD><PAD><PAD><PAD><PAD>
<CLS>CC(=CCCC(=O)CCC(=O)OCC2(C3CC4C(C5CC5C6(COC(=O)C)(C)C6(C7CC8C(C(CC9C8CCCCO)(C(C1(CCCCCC(=O)C1)CCC)O<SEP>	<CLS>CC1=CCOC(=O)CCC(=O)OCC2=C3CC4C(C5CC5C4(COC1=O)O)(C6C3(C7=C8C(C9CC9C8(C6)O)(C(C1(C7=C(C(=O)O1)C)O)O<SEP>
<CLS>CCOC1=C(C=C(C=C1)NC(=O)CSC2=NN=CN2C3CC3)S(=O)(=O)N4CCCCC4<SEP><SEP><SEP><SEP><SEP><SEP><SEP><SEP><SEP><SEP><SEP><SEP><SEP><SEP><SEP><SEP><SEP><SEP><SEP><SEP><SEP><SEP><SEP><SEP><SEP><SEP><SEP><SEP><SEP><SEP><SEP><SEP><SEP><SEP><SEP><SEP><SEP><SEP><SEP><SEP><SEP><SEP>	<CLS>CCOC1=C(C=C(C=C1)NC(=O)CSC2=NN=CN2C3CC3)S(=O)(=O)N4CCCCC4<SEP><PAD><PAD><PAD><PAD><PAD><PAD><PAD><PAD><PAD><PAD><PAD><PAD><PAD><PAD><PAD><PAD><PAD><PAD><PAD><PAD><PAD><PAD><PAD><PAD><PAD><PAD><PAD><PAD><PAD><PAD><PAD><PAD><PAD><PAD><PAD><PAD><PAD><PAD><PAD><PAD><PAD>
<CLS>CC(=C(C(=O)O)C=C)Cl)Cl<SEP>CCCCCCCCCCCCCCCCCCCCCCCCCCCCCCCCC<SEP><SEP><SEP><SEP><SEP><SEP><SEP><SEP><SEP><SEP><SEP><SEP><SEP><SEP><SEP><SEP><SEP><SEP><SEP><SEP><SEP><SEP><SEP><SEP><SEP><SEP><SEP><SEP><SEP><SEP><SEP><SEP><SEP><SEP><SEP><SEP><SEP><SEP><SEP><SEP><SEP><SEP><SEP>	<CLS>CC(=C(C(=O)OCC=C)Cl)Cl<SEP><PAD><PAD><PAD><PAD><PAD><PAD><PAD><PAD><PAD><PAD><PAD><PAD><PAD><PAD><PAD><PAD><PAD><PAD><PAD><PAD><PAD><PAD><PAD><PAD><PAD><PAD><PAD><PAD><PAD><PAD><PAD><PAD><PAD><PAD><PAD><PAD><PAD><PAD><PAD><PAD><PAD><PAD><PAD><PAD><PAD><PAD><PAD><PAD><PAD><PAD><PAD><PAD><PAD><PAD><PAD><PAD><PAD><PAD><PAD><PAD><PAD><PAD><PAD><PAD><PAD><PAD><PAD><PAD><PAD><PAD><PAD><PAD><PAD><PAD><PAD><PAD>
<CLS>CC1=CC=C(C=C1)OCC(=O)NCC(C2=CC=C(C=C2)Br)C3=CNC4=CC=CC=C43<SEP><SEP><SEP><SEP><SEP><SEP><SEP><SEP><SEP><SEP><SEP><SEP><SEP><SEP><SEP><SEP><SEP><SEP><SEP><SEP><SEP><SEP><SEP><SEP><SEP><SEP><SEP><SEP><SEP><SEP><SEP><SEP><SEP><SEP><SEP><SEP><SEP><SEP><SEP><SEP><SEP>	<CLS>CC1=CC=C(C=C1)OCC(=O)NCC(C2=CC=C(C=C2)Br)C3=CNC4=CC=CC=C43<SEP><PAD><PAD><PAD><PAD><PAD><PAD><PAD><PAD><PAD><PAD><PAD><PAD><PAD><PAD><PAD><PAD><PAD><PAD><PAD><PAD><PAD><PAD><PAD><PAD><PAD><PAD><PAD><PAD><PAD><PAD><PAD><PAD><PAD><PAD><PAD><PAD><PAD><PAD><PAD><PAD>
<CLS>CC1=CC=C(C=C1)C2=NOC(=N2)CN3C4=CC=CC=C4C=CC3=O<SEP><SEP>CCCC<SEP><SEP>CC<SEP><SEP><SEP><SEP><SEP><SEP><SEP><SEP><SEP><SEP><SEP><SEP><SEP><SEP><SEP><SEP><SEP><SEP><SEP><SEP><SEP><SEP><SEP><SEP><SEP><SEP><SEP><SEP><SEP><SEP><SEP><SEP><SEP><SEP><SEP><SEP><SEP><SEP><SEP><SEP><SEP><SEP><SEP>	<CLS>CC1=CC=C(C=C1)C2=NOC(=N2)CN3C4=CC=CC=C4N=CC3=O<SEP><PAD><PAD><PAD><PAD><PAD><PAD><PAD><PAD><PAD><PAD><PAD><PAD><PAD><PAD><PAD><PAD><PAD><PAD><PAD><PAD><PAD><PAD><PAD><PAD><PAD><PAD><PAD><PAD><PAD><PAD><PAD><PAD><PAD><PAD><PAD><PAD><PAD><PAD><PAD><PAD><PAD><PAD><PAD><PAD><PAD><PAD><PAD><PAD><PAD><PAD><PAD><PAD>
<CLS>CCCN1C(=O)C2CC(CC(C(C2C1=O)COC3CCC(=CC4=CC=C(O4)CO)C5=CC=CC=C5)C(C)C<SEP><SEP><SEP><SEP><SEP><SEP><SEP><SEP><SEP><SEP><SEP><SEP><SEP><SEP><SEP><SEP><SEP><SEP><SEP><SEP><SEP><SEP><SEP><SEP><SEP><SEP><SEP><SEP><SEP><SEP><SEP>	<CLS>CCCN1C(=O)C2CC(=C3C(C2C1=O)COC3CCC(=CC4=CC=C(O4)CO)C5=CC=CC=N5)C(C)C<SEP><PAD><PAD><PAD><PAD><PAD><PAD><PAD><PAD><PAD><PAD><PAD><PAD><PAD><PAD><PAD><PAD><PAD><PAD><PAD><PAD><PAD><PAD><PAD><PAD><PAD><PAD><PAD><PAD><PAD><PAD>
<CLS>C=CC(=O)C1=COC=C1<SEP>CCCCCCCCCCCCCCCCCCCCCCCCCCCCCCCCCCCCCCCC<SEP><SEP><SEP><SEP><SEP><SEP><SEP><SEP><SEP><SEP><SEP><SEP><SEP><SEP><SEP><SEP><SEP><SEP><SEP><SEP><SEP><SEP><SEP><SEP><SEP><SEP><SEP><SEP><SEP><SEP><SEP><SEP><SEP><SEP><SEP><SEP><SEP><SEP><SEP><SEP><SEP>	<CLS>C=CC(=O)C1=COC=C1<SEP><PAD><PAD><PAD><PAD><PAD><PAD><PAD><PAD><PAD><PAD><PAD><PAD><PAD><PAD><PAD><PAD><PAD><PAD><PAD><PAD><PAD><PAD><PAD><PAD><PAD><PAD><PAD><PAD><PAD><PAD><PAD><PAD><PAD><PAD><PAD><PAD><PAD><PAD><PAD><PAD><PAD><PAD><PAD><PAD><PAD><PAD><PAD><PAD><PAD><PAD><PAD><PAD><PAD><PAD><PAD><PAD><PAD><PAD><PAD><PAD><PAD><PAD><PAD><PAD><PAD><PAD><PAD><PAD><PAD><PAD><PAD><PAD><PAD><PAD><PAD><PAD><PAD><PAD><PAD><PAD><PAD>
<CLS>CC(C)C1=CC=C(C=C1)C(=O)NCC(CO)NC(=O)C2=CC=CO2<SEP><SEP>C<SEP>CC<SEP><SEP><SEP>C<SEP><SEP><SEP><SEP><SEP><SEP><SEP><SEP><SEP><SEP><SEP><SEP><SEP><SEP><SEP><SEP><SEP><SEP><SEP><SEP><SEP><SEP><SEP><SEP><SEP><SEP><SEP><SEP><SEP><SEP><SEP><SEP><SEP><SEP><SEP><SEP><SEP><SEP><SEP><SEP><SEP><SEP><SEP><SEP>	<CLS>CC(C)C1=CC=C(C=C1)C(=O)OCC(=O)NC(=O)C2=CC=CS2<SEP><PAD><PAD><PAD><PAD><PAD><PAD><PAD><PAD><PAD><PAD><PAD><PAD><PAD><PAD><PAD><PAD><PAD><PAD><PAD><PAD><PAD><PAD><PAD><PAD><PAD><PAD><PAD><PAD><PAD><PAD><PAD><PAD><PAD><PAD><PAD><PAD><PAD><PAD><PAD><PAD><PAD><PAD><PAD><PAD><PAD><PAD><PAD><PAD><PAD><PAD><PAD><PAD><PAD>
<CLS>CCCCC(C)C(=O)N(C1=CC=CC=N1)C(C)C2=CC=CC=C2<SEP>CCCCCCCC<SEP><SEP><SEP><SEP><SEP><SEP><SEP><SEP><SEP><SEP><SEP><SEP><SEP><SEP><SEP><SEP><SEP><SEP><SEP><SEP><SEP><SEP><SEP><SEP><SEP><SEP><SEP><SEP><SEP><SEP><SEP><SEP><SEP><SEP><SEP><SEP><SEP><SEP><SEP><SEP><SEP><SEP><SEP><SEP><SEP><SEP><SEP><SEP>	<CLS>CCCCC(C)C(=O)N(C1=CC=CC=N1)C(C)C2=CC=CC=C2<SEP><PAD><PAD><PAD><PAD><PAD><PAD><PAD><PAD><PAD><PAD><PAD><PAD><PAD><PAD><PAD><PAD><PAD><PAD><PAD><PAD><PAD><PAD><PAD><PAD><PAD><PAD><PAD><PAD><PAD><PAD><PAD><PAD><PAD><PAD><PAD><PAD><PAD><PAD><PAD><PAD><PAD><PAD><PAD><PAD><PAD><PAD><PAD><PAD><PAD><PAD><PAD><PAD><PAD><PAD><PAD><PAD>
<CLS>COC1=C(C=C(C(=C1)C(=O)OC)NCC(=O)N2CCC3=CC=CC=C32)OC<SEP><SEP>CCCCCCCC<SEP><SEP><SEP><SEP><SEP><SEP><SEP><SEP><SEP><SEP><SEP><SEP><SEP><SEP><SEP><SEP><SEP><SEP><SEP><SEP><SEP><SEP><SEP><SEP><SEP><SEP><SEP><SEP><SEP><SEP><SEP><SEP><SEP><SEP><SEP><SEP><SEP><SEP>	<CLS>COC1=C(C=C(C(=C1)C(=O)OC)NCC(=O)N2CCC3=CC=CC=C32)OC<SEP><PAD><PAD><PAD><PAD><PAD><PAD><PAD><PAD><PAD><PAD><PAD><PAD><PAD><PAD><PAD><PAD><PAD><PAD><PAD><PAD><PAD><PAD><PAD><PAD><PAD><PAD><PAD><PAD><PAD><PAD><PAD><PAD><PAD><PAD><PAD><PAD><PAD><PAD><PAD><PAD><PAD><PAD><PAD><PAD><PAD><PAD><PAD>
<CLS>CCCCCC=CCC=CCCCCCCCCCCCC(=O)OCC(COC(=O)CCCCCCC=CCC=CCC=CCCCCC)OC(=O)CCCCCCCCCCCCCCCCCCCCCCC<SEP><SEP><SEP><SEP><SEP><SEP><SEP><SEP>	<CLS>CCCCCC=CCC=CCCCCCCCCCCCC(=O)OCC(COC(=O)CCCCCCC=CCC=CCC=CCCCCC)OC(=O)CCCCCCCCCCCC=CCC=CCCCCC<SEP><PAD><PAD><PAD><PAD><PAD><PAD><PAD>
<CLS>C1=CC=C(C(=C1)C(F)(F)F)NC(=O)C2=C(C=CC=N2)C(=O)O<SEP><SEP><SEP><SEP><SEP><SEP>CC<SEP>CC<SEP><SEP><SEP><SEP><SEP><SEP>C<SEP><SEP><SEP><SEP><SEP><SEP><SEP><SEP><SEP><SEP><SEP><SEP><SEP><SEP><SEP><SEP><SEP><SEP><SEP><SEP><SEP><SEP><SEP><SEP><SEP><SEP><SEP><SEP><SEP><SEP><SEP><SEP><SEP>	<CLS>C1=CC=C(C(=C1)C(F)(F)F)NC(=O)C2=C(C=CC=N2)C(=O)O<SEP><PAD><PAD><PAD><PAD><PAD><PAD><PAD><PAD><PAD><PAD><PAD><PAD><PAD><PAD><PAD><PAD><PAD><PAD><PAD><PAD><PAD><PAD><PAD><PAD><PAD><PAD><PAD><PAD><PAD><PAD><PAD><PAD><PAD><PAD><PAD><PAD><PAD><PAD><PAD><PAD><PAD><PAD><PAD><PAD><PAD><PAD><PAD><PAD><PAD><PAD>
<CLS>C1=CC=C(C=C1)C2=C(N=NN2C3=NNN=C3N)C(=O)NN=CC4=CC(=CC=C4)O<SEP><SEP><SEP><SEP><SEP><SEP><SEP><SEP><SEP><SEP><SEP><SEP><SEP><SEP><SEP><SEP><SEP><SEP><SEP><SEP><SEP><SEP><SEP><SEP><SEP><SEP><SEP><SEP><SEP><SEP><SEP><SEP><SEP><SEP><SEP><SEP><SEP><SEP><SEP><SEP><SEP><SEP>	<CLS>C1=CC=C(C=C1)C2=C(N=NN2C3=NON=C3N)C(=O)NN=CC4=CC(=CC=C4)F<SEP><PAD><PAD><PAD><PAD><PAD><PAD><PAD><PAD><PAD><PAD><PAD><PAD><PAD><PAD><PAD><PAD><PAD><PAD><PAD><PAD><PAD><PAD><PAD><PAD><PAD><PAD><PAD><PAD><PAD><PAD><PAD><PAD><PAD><PAD><PAD><PAD><PAD><PAD><PAD><PAD><PAD>
<CLS>C1CCCC(CC1)(CNC(=O)C2=C(C=CC(=C2)C3=C(N=CC=C3)N4CCC(CC4)C(=O)O)Cl)O<SEP><SEP><SEP><SEP><SEP><SEP><SEP><SEP><SEP><SEP><SEP><SEP><SEP><SEP><SEP><SEP><SEP><SEP><SEP><SEP><SEP><SEP><SEP><SEP><SEP><SEP><SEP><SEP><SEP><SEP><SEP><SEP>	<CLS>C1CCCC(CC1)(CNC(=O)C2=C(C=CC(=C2)C3=C(N=CC=C3)N4CCC(CC4)C(=O)O)Cl)O<SEP><PAD><PAD><PAD><PAD><PAD><PAD><PAD><PAD><PAD><PAD><PAD><PAD><PAD><PAD><PAD><PAD><PAD><PAD><PAD><PAD><PAD><PAD><PAD><PAD><PAD><PAD><PAD><PAD><PAD><PAD><PAD>
<CLS>CC(C)CC1=CC=C(C=C1)C(C)C2=NN3C(=O)C=C(SC3=N2)C(=O)OC<SEP><SEP>C<SEP><SEP><SEP><SEP><SEP><SEP><SEP><SEP><SEP><SEP><SEP><SEP><SEP><SEP><SEP><SEP><SEP><SEP><SEP><SEP><SEP><SEP><SEP><SEP><SEP><SEP><SEP><SEP><SEP><SEP><SEP><SEP><SEP><SEP><SEP><SEP><SEP><SEP><SEP><SEP><SEP><SEP><SEP><SEP>	<CLS>CC(C)CC1=CC=C(C=C1)C(C)C2=NN3C(=O)C=C(SC3=N2)C(=O)OC<SEP><PAD><PAD><PAD><PAD><PAD><PAD><PAD><PAD><PAD><PAD><PAD><PAD><PAD><PAD><PAD><PAD><PAD><PAD><PAD><PAD><PAD><PAD><PAD><PAD><PAD><PAD><PAD><PAD><PAD><PAD><PAD><PAD><PAD><PAD><PAD><PAD><PAD><PAD><PAD><PAD><PAD><PAD><PAD><PAD><PAD><PAD>
<CLS>CC1=CC2=C(C(C(=C(N2)C)C#N)C3=CC=CC=C3Cl)C(=O)N1CCC4=CC(CCCCCC4COCC<SEP><SEP><SEP><SEP><SEP><SEP><SEP><SEP><SEP><SEP><SEP><SEP><SEP><SEP><SEP><SEP><SEP><SEP><SEP><SEP><SEP><SEP><SEP><SEP><SEP><SEP><SEP><SEP><SEP><SEP><SEP><SEP><SEP>	<CLS>CC1=CC2=C(C(C(=C(O2)N)C#N)C3=CC=CC=C3Cl)C(=O)N1CCC4=CC(=C(C=C4)O)O<SEP><PAD><PAD><PAD><PAD><PAD><PAD><PAD><PAD><PAD><PAD><PAD><PAD><PAD><PAD><PAD><PAD><PAD><PAD><PAD><PAD><PAD><PAD><PAD><PAD><PAD><PAD><PAD><PAD><PAD><PAD><PAD><PAD>
<CLS>CC1=CC=C(C=C1)C(=O)NN=CC=CC2=CC3=C(C=C2)OCO3<SEP>CCCCCCCCCCCCCCCC<SEP>C<SEP>CC<SEP><SEP><SEP><SEP><SEP><SEP><SEP><SEP><SEP><SEP><SEP><SEP><SEP><SEP><SEP><SEP><SEP><SEP><SEP><SEP><SEP><SEP><SEP><SEP><SEP><SEP><SEP><SEP><SEP><SEP><SEP><SEP><SEP>	<CLS>CC1=NC=C(C=C1)C(=O)NN=CC=CC2=CC3=C(C=C2)OCO3<SEP><PAD><PAD><PAD><PAD><PAD><PAD><PAD><PAD><PAD><PAD><PAD><PAD><PAD><PAD><PAD><PAD><PAD><PAD><PAD><PAD><PAD><PAD><PAD><PAD><PAD><PAD><PAD><PAD><PAD><PAD><PAD><PAD><PAD><PAD><PAD><PAD><PAD><PAD><PAD><PAD><PAD><PAD><PAD><PAD><PAD><PAD><PAD><PAD><PAD><PAD><PAD><PAD><PAD><PAD>
<CLS>COC1=C(C(=CC(=C1)C=NNC(=O)CN2CCOCC2)Cl)OCC3=CC=C(C=C3)Br<SEP><SEP><SEP><SEP><SEP><SEP><SEP><SEP><SEP><SEP><SEP><SEP><SEP><SEP><SEP><SEP><SEP><SEP><SEP><SEP><SEP><SEP><SEP><SEP><SEP><SEP><SEP><SEP><SEP><SEP><SEP><SEP><SEP><SEP><SEP><SEP><SEP><SEP><SEP><SEP><SEP><SEP><SEP>	<CLS>COC1=C(C(=CC(=C1)C=NNC(=O)CN2CCOCC2)Cl)OCC3=CC=C(C=C3)Br<SEP><PAD><PAD><PAD><PAD><PAD><PAD><PAD><PAD><PAD><PAD><PAD><PAD><PAD><PAD><PAD><PAD><PAD><PAD><PAD><PAD><PAD><PAD><PAD><PAD><PAD><PAD><PAD><PAD><PAD><PAD><PAD><PAD><PAD><PAD><PAD><PAD><PAD><PAD><PAD><PAD><PAD><PAD>
<CLS>CC(=O)C1=CC=C(S1)C(=O)NCCOC<SEP>CCCCCCCCCCCCCCCCCCCCCCCCCCCC<SEP>CC<SEP><SEP><SEP><SEP><SEP><SEP><SEP><SEP><SEP><SEP><SEP><SEP><SEP><SEP><SEP><SEP><SEP><SEP><SEP><SEP><SEP><SEP><SEP><SEP><SEP><SEP><SEP><SEP><SEP><SEP><SEP><SEP><SEP><SEP><SEP><SEP><SEP><SEP><SEP><SEP>	<CLS>CC(=O)C1=CC=C(S1)C(=O)NCCOC<SEP><PAD><PAD><PAD><PAD><PAD><PAD><PAD><PAD><PAD><PAD><PAD><PAD><PAD><PAD><PAD><PAD><PAD><PAD><PAD><PAD><PAD><PAD><PAD><PAD><PAD><PAD><PAD><PAD><PAD><PAD><PAD><PAD><PAD><PAD><PAD><PAD><PAD><PAD><PAD><PAD><PAD><PAD><PAD><PAD><PAD><PAD><PAD><PAD><PAD><PAD><PAD><PAD><PAD><PAD><PAD><PAD><PAD><PAD><PAD><PAD><PAD><PAD><PAD><PAD><PAD><PAD><PAD><PAD><PAD><PAD><PAD>
<CLS>C1C(=O)N(C2=C(O1)C=C(C=C2)NC(=O)CCCOC3=CC=CC=C3)CC4=CC=CC=C4<SEP><SEP><SEP><SEP><SEP><SEP><SEP><SEP><SEP><SEP><SEP><SEP><SEP><SEP><SEP><SEP><SEP><SEP><SEP><SEP><SEP><SEP><SEP><SEP><SEP><SEP><SEP><SEP><SEP><SEP><SEP><SEP><SEP><SEP><SEP><SEP><SEP><SEP><SEP>	<CLS>C1C(=O)N(C2=C(O1)C=C(C=C2)NC(=O)CCCOC3=CC=CC=C3)CC4=CC=CC=C4<SEP><PAD><PAD><PAD><PAD><PAD><PAD><PAD><PAD><PAD><PAD><PAD><PAD><PAD><PAD><PAD><PAD><PAD><PAD><PAD><PAD><PAD><PAD><PAD><PAD><PAD><PAD><PAD><PAD><PAD><PAD><PAD><PAD><PAD><PAD><PAD><PAD><PAD><PAD>
<CLS>CC(C(=O)NCC1=CC=CS1)SC2=NN=CN2C3=CC=C(C=C3)Br<SEP>CCCCCCCCCCCCCC<SEP><SEP><SEP><SEP><SEP><SEP><SEP><SEP><SEP><SEP><SEP><SEP><SEP><SEP><SEP><SEP><SEP><SEP><SEP><SEP><SEP><SEP><SEP><SEP><SEP><SEP><SEP><SEP><SEP><SEP><SEP><SEP><SEP><SEP><SEP><SEP><SEP><SEP><SEP>	<CLS>CC(C(=O)NCC1=CC=CS1)SC2=NC=CN2C3=CC=C(C=C3)Br<SEP><PAD><PAD><PAD><PAD><PAD><PAD><PAD><PAD><PAD><PAD><PAD><PAD><PAD><PAD><PAD><PAD><PAD><PAD><PAD><PAD><PAD><PAD><PAD><PAD><PAD><PAD><PAD><PAD><PAD><PAD><PAD><PAD><PAD><PAD><PAD><PAD><PAD><PAD><PAD><PAD><PAD><PAD><PAD><PAD><PAD><PAD><PAD><PAD><PAD><PAD><PAD><PAD><PAD>
<CLS>CCCCC(=O)C1=CC(CC1)C(=O)OC)P(=O)(C2=CC=CC=C2)C3=CC=CC=C3<SEP><SEP><SEP><SEP><SEP><SEP><SEP><SEP><SEP><SEP><SEP><SEP><SEP><SEP><SEP><SEP><SEP><SEP><SEP><SEP><SEP><SEP><SEP><SEP><SEP><SEP><SEP><SEP><SEP><SEP><SEP><SEP><SEP><SEP><SEP><SEP><SEP><SEP><SEP><SEP><SEP><SEP><SEP>	<CLS>CCCCC(=O)C1=CC(CC1CC(=O)OC)P(=O)(C2=CC=CC=C2)C3=CC=CC=C3<SEP><PAD><PAD><PAD><PAD><PAD><PAD><PAD><PAD><PAD><PAD><PAD><PAD><PAD><PAD><PAD><PAD><PAD><PAD><PAD><PAD><PAD><PAD><PAD><PAD><PAD><PAD><PAD><PAD><PAD><PAD><PAD><PAD><PAD><PAD><PAD><PAD><PAD><PAD><PAD><PAD><PAD><PAD>
<CLS>C[Si](C)(C)C#CC1CCC2=CC=CC=C2S1<SEP>CCCCCCCCCCCCCCCCCCCCCCCC<SEP><SEP><SEP><SEP><SEP><SEP><SEP><SEP><SEP><SEP><SEP><SEP><SEP><SEP><SEP><SEP><SEP><SEP><SEP><SEP><SEP><SEP><SEP><SEP><SEP><SEP><SEP><SEP><SEP><SEP><SEP><SEP><SEP><SEP><SEP><SEP><SEP><SEP><SEP><SEP><SEP><SEP><SEP>	<CLS>C[Si](C)(C)C#CC1CCC2=CC=CC=C2S1<SEP><PAD><PAD><PAD><PAD><PAD><PAD><PAD><PAD><PAD><PAD><PAD><PAD><PAD><PAD><PAD><PAD><PAD><PAD><PAD><PAD><PAD><PAD><PAD><PAD><PAD><PAD><PAD><PAD><PAD><PAD><PAD><PAD><PAD><PAD><PAD><PAD><PAD><PAD><PAD><PAD><PAD><PAD><PAD><PAD><PAD><PAD><PAD><PAD><PAD><PAD><PAD><PAD><PAD><PAD><PAD><PAD><PAD><PAD><PAD><PAD><PAD><PAD><PAD><PAD><PAD><PAD><PAD>
<CLS>COC1C(C(C(C(O1)OOCC2=CC=CC=C2)OC3C(C(C(C(O3)COCC4=CC=CC=C4)OCC5=CC=CC=C5)OCC6=CC=CC=C6)OCC7=CC=CC=<SEP>	<CLS>COC1C(C(C(C(O1)COCC2=CC=CC=C2)OC3C(C(C(C(O3)COCC4=CC=CC=C4)OCC5=CC=CC=C5)OCC6=CC=CC=C6)OCC7=CC=CC=<SEP>
<CLS>CC1=CN=C(C(=C1O)C)CN2C=C(C3=C2N=C(N=C3Cl)N)C#CCCCN(C)C)C<SEP><SEP><SEP><SEP><SEP><SEP><SEP><SEP><SEP><SEP><SEP><SEP><SEP><SEP><SEP><SEP><SEP><SEP><SEP><SEP><SEP><SEP><SEP><SEP><SEP><SEP><SEP><SEP><SEP><SEP><SEP><SEP><SEP><SEP><SEP><SEP><SEP><SEP><SEP><SEP><SEP><SEP><SEP>	<CLS>CC1=CN=C(C(=C1I)C)CN2C=C(C3=C2N=C(N=C3Cl)N)C#CCCCNCC(C)C<SEP><PAD><PAD><PAD><PAD><PAD><PAD><PAD><PAD><PAD><PAD><PAD><PAD><PAD><PAD><PAD><PAD><PAD><PAD><PAD><PAD><PAD><PAD><PAD><PAD><PAD><PAD><PAD><PAD><PAD><PAD><PAD><PAD><PAD><PAD><PAD><PAD><PAD><PAD><PAD><PAD><PAD><PAD>
<CLS>C1=CC(=CC(=C1)N)C(=O)C(=O)N(C3=CC=CC(=C2)C=O)S(=O)(=O)C(F)(F)F)S(=O)(=C)CCFC(F)FCC=O<SEP><SEP><SEP><SEP><SEP><SEP><SEP><SEP><SEP><SEP><SEP><SEP><SEP><SEP><SEP>	<CLS>C1=CC(=CC(=C1)N(C(=O)C(=O)N(C2=CC=CC(=C2)C=O)S(=O)(=O)C(F)(F)F)S(=O)(=O)C(F)(F)F)C=O<SEP><PAD><PAD><PAD><PAD><PAD><PAD><PAD><PAD><PAD><PAD><PAD><PAD><PAD><PAD>
<CLS>C1=CC=C(C=C1)NCN2C3=CC=CC=C3OC2=O.C1=CC=C(C=C1)N2C(C3=CC=CC=C3OC2=O.C(#N)[S-].C(#N)[SC]C[Cu+CC<SEP><SEP><SEP><SEP><SEP>	<CLS>C1=CC=C(C=C1)NCN2C3=CC=CC=C3OC2=O.C1=CC=C(C=C1)NCN2C3=CC=CC=C3OC2=O.C(#N)[S-].C(#N)[S-].[Cu+2]<SEP><PAD><PAD><PAD><PAD>
<CLS>C1CC(NC1)C(=O)NC(CO)C(=O)NC(CC2=CC=CC=C2)C(=O)O<SEP><SEP><SEP>C<SEP><SEP>CC<SEP><SEP><SEP><SEP><SEP><SEP><SEP><SEP><SEP><SEP><SEP><SEP><SEP><SEP><SEP><SEP><SEP><SEP><SEP><SEP><SEP><SEP><SEP><SEP><SEP><SEP><SEP><SEP><SEP><SEP><SEP><SEP><SEP><SEP><SEP><SEP><SEP><SEP><SEP><SEP><SEP><SEP><SEP><SEP>	<CLS>C1CC(NC1)C(=O)NC(CS)C(=O)NC(CC2=CC=CC=C2)C(=O)O<SEP><PAD><PAD><PAD><PAD><PAD><PAD><PAD><PAD><PAD><PAD><PAD><PAD><PAD><PAD><PAD><PAD><PAD><PAD><PAD><PAD><PAD><PAD><PAD><PAD><PAD><PAD><PAD><PAD><PAD><PAD><PAD><PAD><PAD><PAD><PAD><PAD><PAD><PAD><PAD><PAD><PAD><PAD><PAD><PAD><PAD><PAD><PAD><PAD><PAD><PAD><PAD>
<CLS>CC(C)C1=NOC(=1)C(C)(C2CCC3C2(CCC4C3CC=C5C4(CCCC)5)OC(=O)C)C)C)O<SEP><SEP><SEP><SEP><SEP><SEP><SEP><SEP><SEP><SEP><SEP><SEP><SEP><SEP><SEP><SEP><SEP><SEP><SEP><SEP><SEP><SEP><SEP><SEP><SEP><SEP><SEP><SEP><SEP><SEP><SEP><SEP><SEP><SEP><SEP><SEP>	<CLS>CC(C)C1=NOC(C1)C(C)(C2CCC3C2(CCC4C3CC=C5C4(CCC(C5)OC(=O)C)C)C)O<SEP><PAD><PAD><PAD><PAD><PAD><PAD><PAD><PAD><PAD><PAD><PAD><PAD><PAD><PAD><PAD><PAD><PAD><PAD><PAD><PAD><PAD><PAD><PAD><PAD><PAD><PAD><PAD><PAD><PAD><PAD><PAD><PAD><PAD><PAD><PAD>
<CLS>CC1=C(C=C(C=C1)C(=O)NCC2=CC=CC=C2F)S(=O)(=O)NC3=CC(=C(C=C3OC)OC)Cl<SEP><SEP><SEP><SEP><SEP><SEP><SEP><SEP><SEP><SEP><SEP><SEP><SEP><SEP><SEP><SEP><SEP><SEP><SEP><SEP><SEP><SEP><SEP><SEP><SEP><SEP><SEP><SEP><SEP><SEP><SEP><SEP><SEP>	<CLS>CC1=C(C=C(C=C1)C(=O)NCC2=CC=CC=C2F)S(=O)(=O)NC3=CC(=C(C=C3OC)OC)Cl<SEP><PAD><PAD><PAD><PAD><PAD><PAD><PAD><PAD><PAD><PAD><PAD><PAD><PAD><PAD><PAD><PAD><PAD><PAD><PAD><PAD><PAD><PAD><PAD><PAD><PAD><PAD><PAD><PAD><PAD><PAD><PAD><PAD>
<CLS>CC(C)C(C(=O)O)N(CC1=CC2=C(C=C1)C=C(C=C2)C3=CC=CC=C3C4=NNN=N4)C(=O)CC5CC5<SEP><SEP><SEP><SEP><SEP><SEP><SEP><SEP><SEP><SEP><SEP><SEP><SEP><SEP><SEP><SEP><SEP><SEP><SEP><SEP><SEP><SEP><SEP><SEP><SEP><SEP><SEP>	<CLS>CC(C)C(C(=O)O)N(CC1=CC2=C(C=C1)N=C(C=C2)C3=CC=CC=C3C4=NNN=N4)C(=O)CC5CC5<SEP><PAD><PAD><PAD><PAD><PAD><PAD><PAD><PAD><PAD><PAD><PAD><PAD><PAD><PAD><PAD><PAD><PAD><PAD><PAD><PAD><PAD><PAD><PAD><PAD><PAD><PAD>
<CLS>COCC1=C(OC2=CC=CC=C21)C(=O)NCC(=O)C3=CC=CC=C3F<SEP>CCCCCCCCCCCC<SEP><SEP><SEP><SEP><SEP><SEP><SEP><SEP><SEP><SEP><SEP><SEP><SEP><SEP><SEP><SEP><SEP><SEP><SEP><SEP><SEP><SEP><SEP><SEP><SEP><SEP><SEP><SEP><SEP><SEP><SEP><SEP><SEP><SEP><SEP><SEP><SEP><SEP><SEP><SEP>	<CLS>COCC1=C(OC2=CC=CC=C21)C(=O)NNC(=O)C3=CC=CC=C3F<SEP><PAD><PAD><PAD><PAD><PAD><PAD><PAD><PAD><PAD><PAD><PAD><PAD><PAD><PAD><PAD><PAD><PAD><PAD><PAD><PAD><PAD><PAD><PAD><PAD><PAD><PAD><PAD><PAD><PAD><PAD><PAD><PAD><PAD><PAD><PAD><PAD><PAD><PAD><PAD><PAD><PAD><PAD><PAD><PAD><PAD><PAD><PAD><PAD><PAD><PAD><PAD><PAD>
<CLS>CCOC(=O)N1CCN(CC1)C2=C(C(=O)N(C3=CC=CC=C32)C)C=C4C(=O)N(C(=O)S4)C5=CCC5<SEP><SEP><SEP><SEP><SEP><SEP><SEP><SEP><SEP><SEP><SEP><SEP><SEP><SEP><SEP><SEP><SEP><SEP><SEP><SEP><SEP><SEP><SEP><SEP><SEP><SEP><SEP><SEP>	<CLS>CCOC(=O)C1CCN(CC1)C2=C(C(=O)N(C3=CC=CC=C32)C)C=C4C(=O)N(C(=S)S4)C5CCCC5<SEP><PAD><PAD><PAD><PAD><PAD><PAD><PAD><PAD><PAD><PAD><PAD><PAD><PAD><PAD><PAD><PAD><PAD><PAD><PAD><PAD><PAD><PAD><PAD><PAD><PAD><PAD><PAD>
<CLS>CC(=NNC(=O)C1=CC(=C(C=C1)OC)F)C2=CC(=CC=C2)F<SEP>CCCCCCCCCCCCC<SEP><SEP><SEP><SEP><SEP><SEP><SEP><SEP><SEP><SEP><SEP><SEP><SEP><SEP><SEP><SEP><SEP><SEP><SEP><SEP><SEP><SEP><SEP><SEP><SEP><SEP><SEP><SEP><SEP><SEP><SEP><SEP><SEP><SEP><SEP><SEP><SEP><SEP><SEP><SEP><SEP>	<CLS>CC(=NNC(=O)C1=CC(=C(C=C1)OC)I)C2=CC(=CC=C2)N<SEP><PAD><PAD><PAD><PAD><PAD><PAD><PAD><PAD><PAD><PAD><PAD><PAD><PAD><PAD><PAD><PAD><PAD><PAD><PAD><PAD><PAD><PAD><PAD><PAD><PAD><PAD><PAD><PAD><PAD><PAD><PAD><PAD><PAD><PAD><PAD><PAD><PAD><PAD><PAD><PAD><PAD><PAD><PAD><PAD><PAD><PAD><PAD><PAD><PAD><PAD><PAD><PAD><PAD><PAD>
<CLS>CC1=NN(C(=O)C2=CC=CC=C12)CC(=O)N(CCC3=CC=CC=C3)CC4=CC=CC=C4<SEP><SEP><SEP><SEP><SEP><SEP><SEP><SEP><SEP><SEP><SEP><SEP><SEP><SEP><SEP><SEP><SEP><SEP><SEP><SEP><SEP><SEP><SEP><SEP><SEP><SEP><SEP><SEP><SEP><SEP><SEP><SEP><SEP><SEP><SEP><SEP><SEP><SEP><SEP><SEP>	<CLS>CC1=NN(C(=O)C2=CC=CC=C12)CC(=O)N(CCC3=CC=CC=C3)CC4=CC=CC=C4<SEP><PAD><PAD><PAD><PAD><PAD><PAD><PAD><PAD><PAD><PAD><PAD><PAD><PAD><PAD><PAD><PAD><PAD><PAD><PAD><PAD><PAD><PAD><PAD><PAD><PAD><PAD><PAD><PAD><PAD><PAD><PAD><PAD><PAD><PAD><PAD><PAD><PAD><PAD><PAD>
<CLS>COC1=CC=C(C=C1)CC2=CN=C(S2)NC(=O)CC3=CC=CC=C3<SEP>CCCCCCCCCCCC<SEP><SEP><SEP><SEP><SEP><SEP><SEP><SEP><SEP><SEP><SEP><SEP><SEP><SEP><SEP><SEP><SEP><SEP><SEP><SEP><SEP><SEP><SEP><SEP><SEP><SEP><SEP><SEP><SEP><SEP><SEP><SEP><SEP><SEP><SEP><SEP><SEP><SEP><SEP><SEP><SEP>	<CLS>CCC1=CC=C(C=C1)CC2=CN=C(S2)NC(=O)CC3=CC=CC=C3<SEP><PAD><PAD><PAD><PAD><PAD><PAD><PAD><PAD><PAD><PAD><PAD><PAD><PAD><PAD><PAD><PAD><PAD><PAD><PAD><PAD><PAD><PAD><PAD><PAD><PAD><PAD><PAD><PAD><PAD><PAD><PAD><PAD><PAD><PAD><PAD><PAD><PAD><PAD><PAD><PAD><PAD><PAD><PAD><PAD><PAD><PAD><PAD><PAD><PAD><PAD><PAD><PAD><PAD>
<CLS>C1=CC(=C(C(=C1)Cl)CN2C=CC(=N2)NC(=O)CN3C(=CC=N3)C(=O)O)F<SEP><SEP><SEP><SEP><SEP><SEP><SEP><SEP><SEP><SEP><SEP><SEP><SEP><SEP><SEP><SEP><SEP><SEP><SEP><SEP><SEP><SEP><SEP><SEP><SEP><SEP><SEP><SEP><SEP><SEP><SEP><SEP><SEP><SEP><SEP><SEP><SEP><SEP><SEP><SEP><SEP><SEP><SEP>	<CLS>C1=CC(=C(C(=C1)Cl)CN2C=CC(=N2)NC(=O)CN3C(=CC=N3)C(=O)O)F<SEP><PAD><PAD><PAD><PAD><PAD><PAD><PAD><PAD><PAD><PAD><PAD><PAD><PAD><PAD><PAD><PAD><PAD><PAD><PAD><PAD><PAD><PAD><PAD><PAD><PAD><PAD><PAD><PAD><PAD><PAD><PAD><PAD><PAD><PAD><PAD><PAD><PAD><PAD><PAD><PAD><PAD><PAD>
<CLS>CC1=CC=C(C=C1)C2=NN=C(C3=C2SC(=N3)C)SCC(=O)NC4=NN=C(S4)C<SEP><SEP><SEP><SEP><SEP><SEP><SEP><SEP><SEP><SEP><SEP><SEP><SEP><SEP><SEP><SEP><SEP><SEP><SEP><SEP><SEP><SEP><SEP><SEP><SEP><SEP><SEP><SEP><SEP><SEP><SEP><SEP><SEP><SEP><SEP><SEP><SEP><SEP><SEP><SEP><SEP><SEP><SEP>	<CLS>CC1=CC=C(C=C1)C2=NN=C(C3=C2SC(=N3)C)SCC(=O)NC4=NN=C(S4)C<SEP><PAD><PAD><PAD><PAD><PAD><PAD><PAD><PAD><PAD><PAD><PAD><PAD><PAD><PAD><PAD><PAD><PAD><PAD><PAD><PAD><PAD><PAD><PAD><PAD><PAD><PAD><PAD><PAD><PAD><PAD><PAD><PAD><PAD><PAD><PAD><PAD><PAD><PAD><PAD><PAD><PAD><PAD>
<CLS>CC(C1=CC=CC=C1)NC(=O)COC(=O)C2=CC=C(C=C2)S(=O)(=O)N3CCCN<SEP><SEP><SEP><SEP><SEP><SEP><SEP><SEP><SEP><SEP><SEP><SEP><SEP><SEP><SEP><SEP><SEP><SEP><SEP><SEP><SEP><SEP><SEP><SEP><SEP><SEP><SEP><SEP><SEP><SEP><SEP><SEP><SEP><SEP><SEP><SEP><SEP><SEP><SEP><SEP><SEP><SEP><SEP>	<CLS>CC(C1=CC=CC=C1)NC(=O)COC(=O)C2=CC=C(C=C2)S(=O)(=O)NCCC#N<SEP><PAD><PAD><PAD><PAD><PAD><PAD><PAD><PAD><PAD><PAD><PAD><PAD><PAD><PAD><PAD><PAD><PAD><PAD><PAD><PAD><PAD><PAD><PAD><PAD><PAD><PAD><PAD><PAD><PAD><PAD><PAD><PAD><PAD><PAD><PAD><PAD><PAD><PAD><PAD><PAD><PAD><PAD>
<CLS>CCCN(CC1=C(C=C(C=C1)C(=O)N)[N+](=O)[O-])CC(=O)NC2=C(C(=C(C=C2)F)F)F<SEP><SEP><SEP><SEP><SEP><SEP><SEP><SEP><SEP><SEP><SEP><SEP><SEP><SEP><SEP><SEP><SEP><SEP><SEP><SEP><SEP><SEP><SEP><SEP><SEP><SEP><SEP><SEP><SEP><SEP><SEP><SEP>	<CLS>CCCN(CC1=C(C=C(C=C1)C(=O)N)[N+](=O)[O-])CC(=O)NC2=C(C(=C(C=C2)F)F)F<SEP><PAD><PAD><PAD><PAD><PAD><PAD><PAD><PAD><PAD><PAD><PAD><PAD><PAD><PAD><PAD><PAD><PAD><PAD><PAD><PAD><PAD><PAD><PAD><PAD><PAD><PAD><PAD><PAD><PAD><PAD><PAD>
<CLS>COC1=CC=C(C=C1)C2=CC3=C(C=C2)OCCC(=C3)C(=O)NC4=CC=CCC=C4)C[N+](CCCCCC5CCOCCC<SEP><SEP><SEP><SEP><SEP><SEP><SEP><SEP><SEP><SEP><SEP><SEP><SEP><SEP><SEP><SEP><SEP><SEP><SEP><SEP><SEP><SEP><SEP>	<CLS>CCC1=CC=C(C=C1)C2=CC3=C(C=C2)OCCC(=C3)C(=O)NC4=CC=C(C=C4)C[N+](C)(C)C5CCOCC5<SEP><PAD><PAD><PAD><PAD><PAD><PAD><PAD><PAD><PAD><PAD><PAD><PAD><PAD><PAD><PAD><PAD><PAD><PAD><PAD><PAD><PAD><PAD>
<CLS>COCCN1CC2=C(C1=O)C(NC(=O)N2CC=C)C3=CC(=CC(=C3)OC)OC<SEP>CCCCCCCCCCCCCCCC<SEP><SEP>C<SEP><SEP>C<SEP>C<SEP><SEP><SEP><SEP><SEP><SEP><SEP><SEP><SEP><SEP><SEP><SEP><SEP><SEP><SEP><SEP><SEP><SEP><SEP><SEP><SEP><SEP><SEP>	<CLS>COCCN1CC2=C(C1=O)C(NC(=O)N2CC=C)C3=CC(=CC(=C3)OC)OC<SEP><PAD><PAD><PAD><PAD><PAD><PAD><PAD><PAD><PAD><PAD><PAD><PAD><PAD><PAD><PAD><PAD><PAD><PAD><PAD><PAD><PAD><PAD><PAD><PAD><PAD><PAD><PAD><PAD><PAD><PAD><PAD><PAD><PAD><PAD><PAD><PAD><PAD><PAD><PAD><PAD><PAD><PAD><PAD><PAD><PAD><PAD><PAD>
<CLS>COC1=C(C=C(C=C1)Cl)C(=O)N2CCN(CC2)C3=CC=C(C=C3)NC(=O)NC4=CC=C(C=C4)Cl<SEP><SEP><SEP><SEP><SEP><SEP><SEP><SEP><SEP><SEP><SEP><SEP><SEP><SEP><SEP><SEP><SEP><SEP><SEP><SEP><SEP><SEP><SEP><SEP><SEP><SEP><SEP><SEP><SEP><SEP>	<CLS>COC1=C(C=C(C=C1)Cl)C(=O)N2CCN(CC2)C3=CC=C(C=C3)NC(=O)CC4=CC=C(C=C4)Cl<SEP><PAD><PAD><PAD><PAD><PAD><PAD><PAD><PAD><PAD><PAD><PAD><PAD><PAD><PAD><PAD><PAD><PAD><PAD><PAD><PAD><PAD><PAD><PAD><PAD><PAD><PAD><PAD><PAD><PAD>
<CLS>C1=CC=C(C(=C1)OCC(=O)NNC(=O)COC2=CC=CC(=C2)C(F)(F)F)F<SEP><SEP><SEP><SEP><SEP><SEP><SEP><SEP><SEP>C<SEP><SEP><SEP><SEP><SEP><SEP><SEP><SEP><SEP><SEP><SEP><SEP><SEP><SEP><SEP><SEP><SEP><SEP><SEP><SEP><SEP><SEP><SEP><SEP><SEP><SEP><SEP><SEP><SEP><SEP><SEP><SEP><SEP><SEP><SEP><SEP>	<CLS>C1=CC=C(C(=C1)OCC(=O)NNC(=O)COC2=CC=CC(=C2)C(F)(F)F)F<SEP><PAD><PAD><PAD><PAD><PAD><PAD><PAD><PAD><PAD><PAD><PAD><PAD><PAD><PAD><PAD><PAD><PAD><PAD><PAD><PAD><PAD><PAD><PAD><PAD><PAD><PAD><PAD><PAD><PAD><PAD><PAD><PAD><PAD><PAD><PAD><PAD><PAD><PAD><PAD><PAD><PAD><PAD><PAD><PAD><PAD>
<CLS>CCCCN1C2=CC=CC=C2N=C1CN(CCN(C)C)C(=O)C3=CC(=CC=C3)F<SEP><SEP><SEP>C<SEP><SEP>C<SEP><SEP>C<SEP>CC<SEP><SEP><SEP><SEP><SEP><SEP><SEP><SEP><SEP><SEP><SEP><SEP><SEP><SEP><SEP><SEP><SEP><SEP><SEP><SEP><SEP><SEP><SEP><SEP><SEP><SEP><SEP><SEP><SEP><SEP><SEP><SEP><SEP><SEP><SEP>	<CLS>CCCCN1C2=CC=CC=C2N=C1CN(CCC(C)C)C(=O)C3=CC(=CC=C3)F<SEP><PAD><PAD><PAD><PAD><PAD><PAD><PAD><PAD><PAD><PAD><PAD><PAD><PAD><PAD><PAD><PAD><PAD><PAD><PAD><PAD><PAD><PAD><PAD><PAD><PAD><PAD><PAD><PAD><PAD><PAD><PAD><PAD><PAD><PAD><PAD><PAD><PAD><PAD><PAD><PAD><PAD><PAD><PAD><PAD><PAD><PAD><PAD>
<CLS>CCC1=NN=C(O1)CSC2=NC3=CC=CC=C3C4=NC5=CC=CC=C5N42<SEP>CCCCCCCCCCCCCCCC<SEP><SEP><SEP><SEP><SEP><SEP><SEP><SEP><SEP><SEP><SEP><SEP><SEP><SEP><SEP><SEP><SEP><SEP><SEP><SEP><SEP><SEP><SEP><SEP><SEP><SEP><SEP><SEP><SEP><SEP><SEP><SEP><SEP><SEP>	<CLS>CCC1=NN=C(O1)CSC2=NC3=CC=CC=C3C4=NC5=CC=CC=C5N42<SEP><PAD><PAD><PAD><PAD><PAD><PAD><PAD><PAD><PAD><PAD><PAD><PAD><PAD><PAD><PAD><PAD><PAD><PAD><PAD><PAD><PAD><PAD><PAD><PAD><PAD><PAD><PAD><PAD><PAD><PAD><PAD><PAD><PAD><PAD><PAD><PAD><PAD><PAD><PAD><PAD><PAD><PAD><PAD><PAD><PAD><PAD><PAD><PAD><PAD><PAD>
<CLS>CC1=C(SC=C1)C2C(C(C(N2C(=O)C3(CC3)C(=O)O)C4=CC=CS4)C(=O)C5=CC(=CC=C5)Cl<SEP><SEP><SEP><SEP><SEP><SEP><SEP><SEP><SEP><SEP><SEP><SEP><SEP><SEP><SEP><SEP><SEP><SEP><SEP><SEP><SEP><SEP><SEP><SEP><SEP><SEP><SEP><SEP>	<CLS>CC1=C(SC=C1)C2C(C(C(N2C(=O)C3CCC3)C(=O)N)C4=CC=CS4)C(=O)C5=CC(=CC=C5)Cl<SEP><PAD><PAD><PAD><PAD><PAD><PAD><PAD><PAD><PAD><PAD><PAD><PAD><PAD><PAD><PAD><PAD><PAD><PAD><PAD><PAD><PAD><PAD><PAD><PAD><PAD><PAD><PAD>
<CLS>CCC(C1=NC(=CC=C1)Br)N<SEP>CCCCCCCCCCCCCCCCCCCCCCCCCCCCCCCCCCC<SEP>C<SEP>C<SEP>C<SEP><SEP><SEP><SEP><SEP><SEP><SEP><SEP><SEP><SEP><SEP><SEP><SEP><SEP><SEP><SEP><SEP><SEP><SEP><SEP><SEP><SEP><SEP><SEP><SEP><SEP><SEP><SEP><SEP><SEP><SEP><SEP><SEP><SEP><SEP><SEP>	<CLS>CCC(C1=NC(=CC=C1)Br)O<SEP><PAD><PAD><PAD><PAD><PAD><PAD><PAD><PAD><PAD><PAD><PAD><PAD><PAD><PAD><PAD><PAD><PAD><PAD><PAD><PAD><PAD><PAD><PAD><PAD><PAD><PAD><PAD><PAD><PAD><PAD><PAD><PAD><PAD><PAD><PAD><PAD><PAD><PAD><PAD><PAD><PAD><PAD><PAD><PAD><PAD><PAD><PAD><PAD><PAD><PAD><PAD><PAD><PAD><PAD><PAD><PAD><PAD><PAD><PAD><PAD><PAD><PAD><PAD><PAD><PAD><PAD><PAD><PAD><PAD><PAD><PAD><PAD><PAD><PAD><PAD><PAD><PAD>
<CLS>C1=CC(=CC(=C1)OCC(=O)NC(CCC(=O)O)C(=O)O)C(F)(F)F<SEP><SEP>CCCCCCC<SEP><SEP><SEP><SEP><SEP><SEP><SEP><SEP><SEP><SEP><SEP><SEP><SEP><SEP><SEP><SEP><SEP><SEP><SEP><SEP><SEP><SEP><SEP><SEP><SEP><SEP><SEP><SEP><SEP><SEP><SEP><SEP><SEP><SEP><SEP><SEP><SEP><SEP><SEP><SEP><SEP><SEP>	<CLS>C1=CC(=CC(=C1)OCC(=O)NC(CCC(=O)O)C(=O)O)C(F)(F)F<SEP><PAD><PAD><PAD><PAD><PAD><PAD><PAD><PAD><PAD><PAD><PAD><PAD><PAD><PAD><PAD><PAD><PAD><PAD><PAD><PAD><PAD><PAD><PAD><PAD><PAD><PAD><PAD><PAD><PAD><PAD><PAD><PAD><PAD><PAD><PAD><PAD><PAD><PAD><PAD><PAD><PAD><PAD><PAD><PAD><PAD><PAD><PAD><PAD><PAD><PAD>
<CLS>CC1CN(CC(O1)C)C2=CC=C(C=C2)CCCNO<SEP>CCCCCCCCCCCCCCCCCCCCCCC<SEP><SEP>C<SEP><SEP><SEP><SEP><SEP><SEP><SEP><SEP><SEP><SEP><SEP><SEP><SEP><SEP><SEP><SEP><SEP><SEP><SEP><SEP><SEP><SEP><SEP><SEP><SEP><SEP><SEP><SEP><SEP><SEP><SEP><SEP><SEP><SEP><SEP><SEP><SEP><SEP><SEP><SEP>	<CLS>CC1CN(CC(O1)C)C2=CC=C(C=C2)N=CNO<SEP><PAD><PAD><PAD><PAD><PAD><PAD><PAD><PAD><PAD><PAD><PAD><PAD><PAD><PAD><PAD><PAD><PAD><PAD><PAD><PAD><PAD><PAD><PAD><PAD><PAD><PAD><PAD><PAD><PAD><PAD><PAD><PAD><PAD><PAD><PAD><PAD><PAD><PAD><PAD><PAD><PAD><PAD><PAD><PAD><PAD><PAD><PAD><PAD><PAD><PAD><PAD><PAD><PAD><PAD><PAD><PAD><PAD><PAD><PAD><PAD><PAD><PAD><PAD><PAD><PAD><PAD>
<CLS>CC1=CC=C(C=C1)C2=CSC(=C2C#N)NC(=O)COC3=CC=C(C=C3)F<SEP><SEP><SEP><SEP><SEP><SEP><SEP><SEP><SEP><SEP><SEP><SEP><SEP><SEP><SEP><SEP><SEP><SEP><SEP><SEP><SEP><SEP><SEP><SEP><SEP><SEP><SEP><SEP><SEP><SEP><SEP><SEP><SEP><SEP><SEP><SEP><SEP><SEP><SEP><SEP><SEP><SEP><SEP><SEP><SEP><SEP><SEP><SEP><SEP>	<CLS>CC1=CC=C(C=C1)C2=CSC(=C2C#N)NC(=O)CSC3=CC=C(C=C3)N<SEP><PAD><PAD><PAD><PAD><PAD><PAD><PAD><PAD><PAD><PAD><PAD><PAD><PAD><PAD><PAD><PAD><PAD><PAD><PAD><PAD><PAD><PAD><PAD><PAD><PAD><PAD><PAD><PAD><PAD><PAD><PAD><PAD><PAD><PAD><PAD><PAD><PAD><PAD><PAD><PAD><PAD><PAD><PAD><PAD><PAD><PAD><PAD><PAD>
<CLS>CC1=CC=C(C=C1)S(=O)(=O)OC2CC3C2C2CC3)C4=CC(=CC(=C4)C(F)(F)F)C(F)(F)F<SEP><SEP><SEP><SEP><SEP><SEP><SEP><SEP><SEP><SEP><SEP><SEP><SEP><SEP><SEP><SEP><SEP><SEP><SEP><SEP><SEP><SEP><SEP><SEP><SEP><SEP><SEP><SEP><SEP><SEP><SEP>	<CLS>CC1=CC=C(C=C1)S(=O)(=O)OC2(C3CCC2CC3)C4=CC(=CC(=C4)C(F)(F)F)C(F)(F)F<SEP><PAD><PAD><PAD><PAD><PAD><PAD><PAD><PAD><PAD><PAD><PAD><PAD><PAD><PAD><PAD><PAD><PAD><PAD><PAD><PAD><PAD><PAD><PAD><PAD><PAD><PAD><PAD><PAD><PAD><PAD>
<CLS>C1=CC=C(C=C1)CCCC(=O)NC2=C(C=C(C=C2)Cl)C(=O)C3=CC=CC=C3)C((=O)OCC4CCC=CC=CC<SEP><SEP><SEP><SEP><SEP><SEP><SEP><SEP><SEP><SEP><SEP><SEP><SEP><SEP><SEP><SEP><SEP><SEP><SEP><SEP><SEP><SEP><SEP><SEP>	<CLS>C1=CC=C(C=C1)CC(C(=O)NC2=C(C=C(C=C2)Cl)C(=O)C3=CC=CC=C3)NC(=O)OCC4=CC=CC=C4<SEP><PAD><PAD><PAD><PAD><PAD><PAD><PAD><PAD><PAD><PAD><PAD><PAD><PAD><PAD><PAD><PAD><PAD><PAD><PAD><PAD><PAD><PAD><PAD>
<CLS>CCCCCCCC(=O)NC(COP(=O)([O-])[O-])C1=CC(=CC=C1)OC.[Na+].[Na+]<SEP><SEP><SEP><SEP><SEP><SEP><SEP><SEP><SEP><SEP><SEP><SEP><SEP><SEP><SEP><SEP><SEP><SEP><SEP><SEP><SEP><SEP><SEP><SEP><SEP><SEP><SEP><SEP><SEP><SEP><SEP><SEP><SEP><SEP><SEP><SEP><SEP><SEP><SEP>	<CLS>CCCCCCCC(=O)NC(COP(=O)([O-])[O-])C1=CC(=CC=C1)OC.[Na+].[Na+]<SEP><PAD><PAD><PAD><PAD><PAD><PAD><PAD><PAD><PAD><PAD><PAD><PAD><PAD><PAD><PAD><PAD><PAD><PAD><PAD><PAD><PAD><PAD><PAD><PAD><PAD><PAD><PAD><PAD><PAD><PAD><PAD><PAD><PAD><PAD><PAD><PAD><PAD><PAD>
<CLS>CC1=CC(=C(C=C1)C)N2C(=O)C(=CC3=C(C=CC(=C3)OC)OC)S(=O)(C2=O<SEP><SEP><SEP><SEP><SEP><SEP><SEP><SEP><SEP><SEP><SEP><SEP><SEP><SEP><SEP><SEP><SEP><SEP><SEP><SEP><SEP><SEP><SEP><SEP><SEP><SEP><SEP><SEP><SEP><SEP><SEP><SEP><SEP><SEP><SEP><SEP><SEP><SEP><SEP><SEP><SEP>	<CLS>CC1=CC(=C(C=C1)C)N2C(=O)C(=CC3=C(C=CC(=C3)OC)OC)C(=O)NC2=O<SEP><PAD><PAD><PAD><PAD><PAD><PAD><PAD><PAD><PAD><PAD><PAD><PAD><PAD><PAD><PAD><PAD><PAD><PAD><PAD><PAD><PAD><PAD><PAD><PAD><PAD><PAD><PAD><PAD><PAD><PAD><PAD><PAD><PAD><PAD><PAD><PAD><PAD><PAD><PAD><PAD>
<CLS>CCOC(=O)C(C(=O)NC1=CC2=C(C=C1)OC(=O)C=C2)OCC<SEP>CCCCCCC<SEP>CC<SEP><SEP><SEP><SEP><SEP><SEP><SEP><SEP><SEP><SEP><SEP><SEP><SEP><SEP><SEP><SEP><SEP><SEP><SEP><SEP><SEP><SEP><SEP><SEP><SEP><SEP><SEP><SEP><SEP><SEP><SEP><SEP><SEP><SEP><SEP><SEP><SEP><SEP><SEP><SEP><SEP><SEP><SEP><SEP>	<CLS>CCOP(=O)(CC(=O)NC1=CC2=C(C=C1)OC(=O)C=C2)OCC<SEP><PAD><PAD><PAD><PAD><PAD><PAD><PAD><PAD><PAD><PAD><PAD><PAD><PAD><PAD><PAD><PAD><PAD><PAD><PAD><PAD><PAD><PAD><PAD><PAD><PAD><PAD><PAD><PAD><PAD><PAD><PAD><PAD><PAD><PAD><PAD><PAD><PAD><PAD><PAD><PAD><PAD><PAD><PAD><PAD><PAD><PAD><PAD><PAD><PAD><PAD><PAD><PAD><PAD><PAD>
<CLS>CCOC1=C(C=C(C=C1)NC(=O)COC(=O)C2=CC=CC=C2)=CNC(=O)C3=CC=CS3)OCC<SEP><SEP><SEP><SEP><SEP><SEP><SEP><SEP><SEP><SEP><SEP><SEP><SEP><SEP><SEP><SEP><SEP><SEP><SEP><SEP><SEP><SEP><SEP><SEP><SEP><SEP><SEP><SEP><SEP><SEP><SEP><SEP><SEP><SEP><SEP><SEP>	<CLS>CCOC1=C(C=C(C=C1)NC(=O)COC(=O)C2=CC=CC=C2N(C)C(=O)C3=CC=CS3)OCC<SEP><PAD><PAD><PAD><PAD><PAD><PAD><PAD><PAD><PAD><PAD><PAD><PAD><PAD><PAD><PAD><PAD><PAD><PAD><PAD><PAD><PAD><PAD><PAD><PAD><PAD><PAD><PAD><PAD><PAD><PAD><PAD><PAD><PAD><PAD><PAD>
<CLS>C1CC(C(=O)C1)C(=O)CCC=CC2=CC=CC=C2<SEP>CCCCCCCCCCCCCCCC<SEP>CCCC<SEP><SEP><SEP><SEP><SEP><SEP><SEP><SEP><SEP><SEP><SEP><SEP><SEP><SEP><SEP><SEP><SEP><SEP><SEP><SEP><SEP><SEP><SEP><SEP><SEP><SEP><SEP><SEP><SEP><SEP><SEP><SEP><SEP><SEP><SEP><SEP><SEP><SEP><SEP><SEP><SEP><SEP><SEP>	<CLS>C1CC(C(=O)C1)C(=O)CCC=CC2=CC=CC=C2<SEP><PAD><PAD><PAD><PAD><PAD><PAD><PAD><PAD><PAD><PAD><PAD><PAD><PAD><PAD><PAD><PAD><PAD><PAD><PAD><PAD><PAD><PAD><PAD><PAD><PAD><PAD><PAD><PAD><PAD><PAD><PAD><PAD><PAD><PAD><PAD><PAD><PAD><PAD><PAD><PAD><PAD><PAD><PAD><PAD><PAD><PAD><PAD><PAD><PAD><PAD><PAD><PAD><PAD><PAD><PAD><PAD><PAD><PAD><PAD><PAD><PAD><PAD><PAD><PAD>
<CLS>C1COCCN1CCNC2=C(C(=NC=N2)NCC3=CC=CC=C3Cl)[N+](=O)[O-]<SEP><SEP>C<SEP><SEP><SEP><SEP><SEP><SEP><SEP><SEP><SEP><SEP><SEP><SEP><SEP><SEP><SEP><SEP><SEP><SEP><SEP><SEP><SEP><SEP><SEP><SEP><SEP><SEP><SEP><SEP><SEP><SEP><SEP><SEP><SEP><SEP><SEP><SEP><SEP><SEP><SEP><SEP><SEP><SEP><SEP>	<CLS>C1COCCN1CCNC2=C(C(=NC=N2)NCC3=CC=CC=C3Cl)[N+](=O)[O-]<SEP><PAD><PAD><PAD><PAD><PAD><PAD><PAD><PAD><PAD><PAD><PAD><PAD><PAD><PAD><PAD><PAD><PAD><PAD><PAD><PAD><PAD><PAD><PAD><PAD><PAD><PAD><PAD><PAD><PAD><PAD><PAD><PAD><PAD><PAD><PAD><PAD><PAD><PAD><PAD><PAD><PAD><PAD><PAD><PAD><PAD>
<CLS>C1=CC=C(C(=C1)C=NNC(=O)C2=CN=CC=C2)C(F)(F)F<SEP>CCCCCCCCCCCCCC<SEP><SEP><SEP><SEP><SEP><SEP><SEP><SEP><SEP><SEP><SEP><SEP><SEP><SEP><SEP><SEP><SEP><SEP><SEP><SEP><SEP><SEP><SEP><SEP><SEP><SEP><SEP><SEP><SEP><SEP><SEP><SEP><SEP><SEP><SEP><SEP><SEP><SEP><SEP><SEP><SEP>	<CLS>C1=CC=C(C(=C1)C=NNC(=O)C2=CN=CC=C2)C(F)(F)F<SEP><PAD><PAD><PAD><PAD><PAD><PAD><PAD><PAD><PAD><PAD><PAD><PAD><PAD><PAD><PAD><PAD><PAD><PAD><PAD><PAD><PAD><PAD><PAD><PAD><PAD><PAD><PAD><PAD><PAD><PAD><PAD><PAD><PAD><PAD><PAD><PAD><PAD><PAD><PAD><PAD><PAD><PAD><PAD><PAD><PAD><PAD><PAD><PAD><PAD><PAD><PAD><PAD><PAD><PAD><PAD>
<CLS>CC(C)C(C(=O)O)N1C(=O)C2C3CC(C2C1=O)C4C3C(C5=C(C4)NC(=O)N5)C6=CC=CC=C6O)C(=O)NC7CCCC=CCCCC=C8C=C7<SEP><SEP><SEP>	<CLS>CC(C)C(C(=O)O)N1C(=O)C2C3CC(C2C1=O)C4C3C(C5=C(S4)NC(=O)S5)C6=CC=CC=C6OCC(=O)NC7=CC8=CC=CC=C8C=C7<SEP><PAD><PAD>
<CLS>CC1=CC(=C(C=C1)NC(=O)CC2=CC=CC=C2CC)C<SEP>CCCCCCCCCCCCCCCCCCC<SEP>C<SEP>C<SEP><SEP><SEP><SEP><SEP>C<SEP><SEP><SEP><SEP><SEP><SEP><SEP><SEP><SEP><SEP><SEP><SEP><SEP><SEP><SEP><SEP><SEP><SEP><SEP><SEP><SEP><SEP><SEP><SEP><SEP><SEP><SEP><SEP><SEP><SEP><SEP><SEP>	<CLS>CC1=CC(=C(C=C1)NC(=O)CC2=CC=CC=C2Cl)O<SEP><PAD><PAD><PAD><PAD><PAD><PAD><PAD><PAD><PAD><PAD><PAD><PAD><PAD><PAD><PAD><PAD><PAD><PAD><PAD><PAD><PAD><PAD><PAD><PAD><PAD><PAD><PAD><PAD><PAD><PAD><PAD><PAD><PAD><PAD><PAD><PAD><PAD><PAD><PAD><PAD><PAD><PAD><PAD><PAD><PAD><PAD><PAD><PAD><PAD><PAD><PAD><PAD><PAD><PAD><PAD><PAD><PAD><PAD><PAD><PAD><PAD>
<CLS>CCC(C(=O)NC1=CC=CC=C1)SC2=NN=C(N2C)C3=CC=CC=C3C<SEP><SEP><SEP>C<SEP><SEP><SEP><SEP><SEP><SEP><SEP><SEP><SEP><SEP><SEP><SEP><SEP><SEP><SEP><SEP><SEP><SEP><SEP><SEP><SEP><SEP><SEP><SEP><SEP><SEP><SEP><SEP><SEP><SEP><SEP><SEP><SEP><SEP><SEP><SEP><SEP><SEP><SEP><SEP><SEP><SEP><SEP><SEP><SEP><SEP><SEP><SEP>	<CLS>CCC(C(=O)NC1=CC=CC=C1)SC2=NN=C(N2C)C3=CC=CC=C3C<SEP><PAD><PAD><PAD><PAD><PAD><PAD><PAD><PAD><PAD><PAD><PAD><PAD><PAD><PAD><PAD><PAD><PAD><PAD><PAD><PAD><PAD><PAD><PAD><PAD><PAD><PAD><PAD><PAD><PAD><PAD><PAD><PAD><PAD><PAD><PAD><PAD><PAD><PAD><PAD><PAD><PAD><PAD><PAD><PAD><PAD><PAD><PAD><PAD><PAD><PAD><PAD>
<CLS>CC(C)C1=CC=C(C=C1)N2C(=O)CC(C2=O)N(C(=O)C)NC(=O)COC3=CC4=CC=CC=C4C=C3<SEP><SEP><SEP><SEP><SEP><SEP><SEP><SEP><SEP><SEP><SEP><SEP><SEP><SEP><SEP><SEP><SEP><SEP><SEP><SEP><SEP><SEP><SEP><SEP><SEP><SEP><SEP><SEP><SEP><SEP>	<CLS>CC(C)C1=CC=C(C=C1)N2C(=O)CC(C2=O)N(C(=O)C)NC(=O)COC3=CC4=CC=CC=C4C=C3<SEP><PAD><PAD><PAD><PAD><PAD><PAD><PAD><PAD><PAD><PAD><PAD><PAD><PAD><PAD><PAD><PAD><PAD><PAD><PAD><PAD><PAD><PAD><PAD><PAD><PAD><PAD><PAD><PAD><PAD>
<CLS>CCCCCCCCCCCOC(=O)C1(CCC2(CCC3(C(=CC(=O)C4C3(CCC5C4(CCC(C5(C)C)OC6C(C(C(C6OC)C(=O)O)CCO)OC7CCCCC(CC<SEP>	<CLS>CCCCCCCCCCCOC(=O)C1(CCC2(CCC3(C(=CC(=O)C4C3(CCC5C4(CCC(C5(C)C)OC6C(C(C(C(O6)C(=O)O)O)O)OC7C(C(C(C(<SEP>
<CLS>CC1CCC((N1C2=C(C=C(C=C2)[N+](=O)[O-])Br)C<SEP>CCCCCCCCCCCC<SEP><SEP><SEP><SEP><SEP><SEP><SEP><SEP><SEP><SEP><SEP><SEP><SEP><SEP><SEP><SEP><SEP><SEP><SEP><SEP><SEP><SEP><SEP><SEP><SEP><SEP><SEP><SEP><SEP><SEP><SEP><SEP><SEP><SEP><SEP><SEP><SEP><SEP><SEP><SEP><SEP><SEP><SEP><SEP><SEP>	<CLS>CC1CNC(CN1C2=C(C=C(C=C2)[N+](=O)[O-])Br)C<SEP><PAD><PAD><PAD><PAD><PAD><PAD><PAD><PAD><PAD><PAD><PAD><PAD><PAD><PAD><PAD><PAD><PAD><PAD><PAD><PAD><PAD><PAD><PAD><PAD><PAD><PAD><PAD><PAD><PAD><PAD><PAD><PAD><PAD><PAD><PAD><PAD><PAD><PAD><PAD><PAD><PAD><PAD><PAD><PAD><PAD><PAD><PAD><PAD><PAD><PAD><PAD><PAD><PAD><PAD><PAD><PAD><PAD>
<CLS>CCC1=CC=C(C=C1)OCC(=O)NN=CC2=CC=C(C=C2)OC(=O)C3=C(C4=CC=CC=C4S3)Cl<SEP><SEP><SEP><SEP><SEP><SEP><SEP><SEP><SEP><SEP><SEP><SEP><SEP><SEP><SEP><SEP><SEP><SEP><SEP><SEP><SEP><SEP><SEP><SEP><SEP><SEP><SEP><SEP><SEP><SEP><SEP><SEP><SEP>	<CLS>CCC1=CC=C(C=C1)OCC(=O)NN=CC2=CC=C(C=C2)OC(=O)C3=C(C4=CC=CC=C4S3)Cl<SEP><PAD><PAD><PAD><PAD><PAD><PAD><PAD><PAD><PAD><PAD><PAD><PAD><PAD><PAD><PAD><PAD><PAD><PAD><PAD><PAD><PAD><PAD><PAD><PAD><PAD><PAD><PAD><PAD><PAD><PAD><PAD><PAD>
<CLS>C1CC(N(C1)C(=O)C(CCC(=O)O)NC(=O)C(CC2=CC=C(C=C2)O)N)C(=O)NC(CC(=O)N)CC=O)C<SEP><SEP><SEP><SEP><SEP><SEP><SEP><SEP><SEP><SEP><SEP><SEP><SEP><SEP><SEP><SEP><SEP><SEP><SEP><SEP><SEP><SEP><SEP><SEP><SEP>	<CLS>C1CC(N(C1)C(=O)C(CCC(=O)O)NC(=O)C(CC2=CC=C(C=C2)O)N)C(=O)NC(CC(=O)N)C(=O)O<SEP><PAD><PAD><PAD><PAD><PAD><PAD><PAD><PAD><PAD><PAD><PAD><PAD><PAD><PAD><PAD><PAD><PAD><PAD><PAD><PAD><PAD><PAD><PAD><PAD>
<CLS>CCCCC1=CC(=C(C=C1)C2=NN(C=C2C=C(C#N)C(=O)N3CCOCC3)C4=CC=CC=C4)C<SEP><SEP><SEP><SEP><SEP><SEP><SEP><SEP><SEP><SEP><SEP><SEP><SEP><SEP><SEP><SEP><SEP><SEP><SEP><SEP><SEP><SEP><SEP><SEP><SEP><SEP><SEP><SEP><SEP><SEP><SEP><SEP><SEP><SEP><SEP><SEP>	<CLS>CCCOC1=CC(=C(C=C1)C2=NN(C=C2C=C(C#N)C(=O)N3CCCCC3)C4=CC=CC=C4)C<SEP><PAD><PAD><PAD><PAD><PAD><PAD><PAD><PAD><PAD><PAD><PAD><PAD><PAD><PAD><PAD><PAD><PAD><PAD><PAD><PAD><PAD><PAD><PAD><PAD><PAD><PAD><PAD><PAD><PAD><PAD><PAD><PAD><PAD><PAD><PAD>
<CLS>C1CN(CCN1CCC(=O)N)C(=O)C2=C(C=CC(=N2)Cl)Cl)C3=CC=CC=C3<SEP><SEP><SEP><SEP><SEP><SEP><SEP>CC<SEP><SEP><SEP><SEP><SEP><SEP><SEP><SEP><SEP><SEP><SEP><SEP><SEP><SEP><SEP><SEP><SEP><SEP><SEP><SEP><SEP><SEP><SEP><SEP><SEP><SEP><SEP><SEP><SEP><SEP><SEP><SEP><SEP><SEP><SEP><SEP>	<CLS>C1CN(CCN1CCC(=O)NNC(=O)C2=C(C=CC(=N2)Cl)Cl)C3=CC=CC=C3<SEP><PAD><PAD><PAD><PAD><PAD><PAD><PAD><PAD><PAD><PAD><PAD><PAD><PAD><PAD><PAD><PAD><PAD><PAD><PAD><PAD><PAD><PAD><PAD><PAD><PAD><PAD><PAD><PAD><PAD><PAD><PAD><PAD><PAD><PAD><PAD><PAD><PAD><PAD><PAD><PAD><PAD><PAD><PAD><PAD>
<CLS>CCOC(=O)C1C2CCC3=C1C(=O)N(C3C(=O))C4=C(C=CC=C4C)C)C(C)CO)SC<SEP><SEP><SEP><SEP><SEP><SEP><SEP><SEP><SEP><SEP><SEP><SEP><SEP><SEP><SEP><SEP><SEP><SEP><SEP><SEP><SEP><SEP><SEP><SEP><SEP><SEP><SEP><SEP><SEP><SEP><SEP><SEP><SEP><SEP><SEP><SEP><SEP><SEP><SEP><SEP>	<CLS>CCOC(=O)C1C2CCC3(C1C(=O)N(C3C(=O)NC4=C(C=CC=C4C)C)C(C)CO)S2<SEP><PAD><PAD><PAD><PAD><PAD><PAD><PAD><PAD><PAD><PAD><PAD><PAD><PAD><PAD><PAD><PAD><PAD><PAD><PAD><PAD><PAD><PAD><PAD><PAD><PAD><PAD><PAD><PAD><PAD><PAD><PAD><PAD><PAD><PAD><PAD><PAD><PAD><PAD><PAD>
